name,manf
Abigale,Sixpoint Craft Ales
Agave Wheat,Breckenridge Brewery
Agent a Deux,Brewery Vivant
Akari Shogun American Wheat Ale,Half Acre Beer Company
Alaskan Amber,Alaskan Brewing Company
Boxer Ice,Minhas Craft Brewery
Boxer Light,Minhas Craft Brewery
Boy King,COAST Brewing Company
Bozone Hefe Weizen,Bozeman Brewing Company
Cant Dog Imperial Pale Ale,Marshall Wharf Brewing Company
Canyon Cream Ale,Crow Peak Brewing Company
Cape Cod Red,Cape Cod Beer
Capital Gold Golden Lager,Confluence Brewing Company
Capital Trail Pale Ale,Hardywood Park Craft Brewery
Dolores River Pale Ale,Dolores River Brewery
Doomtree,Surly Brewing Company
Dos Pistolas,Great River Brewery
Dottie Seattle Lager,Emerald City Beer Company
El Rojo,Griffin Claw Brewing Company
El Steinber Dark Lager,Anderson Valley Brewing Company
Elder Betty,Magic Hat Brewing Company
Element 29,Epic Brewing
Fire Eagle IPA,Austin Beerworks
Firefly Amber Ale,Jackie O's Pub & Brewery
Foreman,18th Street Brewery
Forest Fire Imperial Smoked Rye,Big Wood Brewery
Fort Pitt Ale,Fort Pitt Brewing Company
Gose,Rising Tide Brewing Company
Gossamer Golden Ale,Half Acre Beer Company
Graham Cracker Porter,Denver Beer Company
Gran Met,Voodoo Brewery
Jack Pine Savage,Big Wood Brewery
Jack Stout,Wild Onion Brewing Company
Jack the Sipper,Southern Prohibition Brewing Com...
Jack's Hard Cider,Jack's Hard Cider (Hauser Estate...
Jade,18th Street Brewery
Kreamed Corn,Burn 'Em Brewing
KSA,Fort Point Beer Company
La Ferme Urbaine Farmhouse Ale,Foolproof Brewing Company
La Frontera Premium IPA,Big Bend Brewing Company
Midnight Ryder,Indeed Brewing Company
Midwest Charm Farmhouse Ale,Okoboji Brewing Company
Might As Well IPL,Golden Road Brewing
Milk Mustachio Stout,Tractor Brewing Company
Milkshake Stout,Rochester Mills Brewing Company
Nonstop Hef Hop,Hopworks Urban Brewery
Nooner,Sierra Nevada Brewing Company
Nordic Blonde,Bent Brewstillery
Nordskye ,Blackrocks Brewery
Oberon,Bell's Brewery
Occidental Altbier,Occidental Brewing Company
Osiris Pale Ale,Sun King Brewing Company
Pale Dog,Hops & Grain Brewery
Paleo IPA,North Country Brewing Company
Red Mountain Ale,Silverton Brewery
Red Water Irish Style Red,Crow Peak Brewing Company
Redacted Rye IPA,Renegade Brewing Company
Redband Stout,Great River Brewery
Smoky Wheat,Brewery Vivant
Smooth Operator,Right Brain Brewery
Snaggletooth Double Pale Ale,Dolores River Brewery
Snake Dog IPA,Flying Dog Brewery
Yellow Collar,Blue Dog Mead
Yellow Wolf Imperial IPA,Alameda Brewing
Yellowstone Golden Ale,Lewis and Clark Brewing Company
Yeti  Imperial Stout,Great Divide Brewing Company
