drinkers,bars
Cosme Durbann,Daiqui-ritas Bar and Lounge
Cosme Durbann,Coppertank Brewery
Cosme Durbann,Brewery Tap
Cosme Durbann,El Maton National Hall Tavern
Fernando Thake,Getaway Lounge
Fernando Thake,Davey Tavern
Fernando Thake,Anchor Inn Patio Bar
Maurits Priddis,Crickett Tavern
Maurits Priddis,Scuttlebutt Tavern
Maurits Priddis,Cooper's Tavern
Maurits Priddis,Scoreboard Saloon The
Maurits Priddis,Snidely's
Honor Rubinow,Danny's Bar & Grill
Honor Rubinow,Little Apple Brewing Co
Honor Rubinow,The Wheel
Gretchen Trighton,The Office Beer Bar & Grill
Gretchen Trighton,B B Cafe
Lynnet Bramford,Bowling's
Lynnet Bramford,C B S Distributing Inc
Bidget Pyecroft,Earthbound Brewing
Weber Carmo,Blue Moon Brewery At The Sandlot
Mackenzie Jorck,City Club Inn
Mackenzie Jorck,Bobby's Sand Bar
Mackenzie Jorck,Carole's
Mackenzie Jorck,Beechwood Lounge
Mackenzie Jorck,8th St Inn
Mackenzie Jorck,Bent-rim The
Annabelle Eacott,5 Spot 3
Annabelle Eacott,Freedom Way Lounge
Annabelle Eacott,R C Carryout R C Tavern
Annabelle Eacott,Broadway
Tobi Shears,Coppertank Brewery
Tobi Shears,Bottom of The Hill
Tobi Shears,Brew House
Katie Kenealy,Caboose Brewing Company
Jim Spellecy,Lamplighter Family Sports Bar Grill
Jarvis Jedrachowicz,Mcguire's Irish Pub Brewery
Jarvis Jedrachowicz,Marsha's Tavern
Fancy Hallick,Bowling's
Fancy Hallick,C B S Distributing Inc
Harli Kauscher,Atwood's Tin Hat
Harli Kauscher,Asgard Tavern
Claudine Martinuzzi,Capitol City Brewing Company
Miriam Boothebie,Broadway Brewhouse
Pinchas Vannoort,Daiqui-ritas Bar and Lounge
Pinchas Vannoort,Coppertank Brewery
Pinchas Vannoort,Bottom of The Hill
Thatcher Iannello,Chucks Lounge
Thatcher Iannello,Beepster's Tavern
Georgette Barday,Brew House
Georgette Barday,Brewery Tap
Leoline Remon,Blue Palms Brewhouse
Leoline Remon,Brassfield Estate Winery
Leoline Remon,Circle Bar
Yancy Woolfitt,Blue Palms Brewhouse
Yancy Woolfitt,Cismontane Brewing
Yancy Woolfitt,Black Market Brewing Co
Francyne Illyes,Daiqui-ritas Bar and Lounge
Francyne Illyes,Bottom of The Hill
Francyne Illyes,Brew House
Francyne Illyes,Brewery Tap
Francyne Illyes,El Maton National Hall Tavern
Tracey Stemp,Quencher Tavern The
Rosalind Lightbody,Mcguire's Irish Pub Brewery
Rosalind Lightbody,Miller's Pembroke Pines Ale House
Fancy Skerm,Willingers Beer Depot
Nichole Vautin,Avenue Pub
Nichole Vautin,B Bg's
Rutger Bruckenthal,Lances Pub
Margi Raggles,Capitol City Brewing Company
Fred Hammell,Atwood's Tin Hat
Keslie Traill,Steel Toe Brewing
Keslie Traill,Lamplighter Family Sports Bar Grill
Keslie Traill,Flat Earth Brewery
Keslie Traill,Old Town Tavern
Libbie Tingley,Steel Toe Brewing
Libbie Tingley,Lamplighter Family Sports Bar Grill
Libbie Tingley,Old Town Tavern
Eydie Ogg,Coppertank Brewery
Eydie Ogg,Bottom of The Hill
Eydie Ogg,Four Corners Brewing Co
Eydie Ogg,Brew House
Eydie Ogg,El Maton National Hall Tavern
Jaine Hartrick,Seanachai Social Club
Kary Mowett,Daiqui-ritas Bar and Lounge
Kary Mowett,Coppertank Brewery
Kary Mowett,Bottom of The Hill
Humfrey Crowdson,Cismontane Brewing
Humfrey Crowdson,Brassfield Estate Winery
Humfrey Crowdson,Circle Bar
Humfrey Crowdson,Central Coast Brewing
Martguerita Triggel,Alibi Tavern
Martguerita Triggel,Buckhorn Tavern
Nina Spencock,Blue Stallion Brewing Co
Nina Spencock,More Shenanigans
Miltie Cattach,Scuttlebutt Tavern
Miltie Cattach,The Brewery Bar & Kitchen
Miltie Cattach,Snidely's
Vallie Melarkey,Miller's Jacksonville Ale House
Vallie Melarkey,Mcguire's Irish Pub Brewery
Vallie Melarkey,Miller's Pembroke Pines Ale House
Augy Ridsdell,Daiqui-ritas Bar and Lounge
Augy Ridsdell,Bottom of The Hill
Augy Ridsdell,Brewery Tap
Paulie Blann,Broadway Brewhouse
Christi Breese,Big Rip Brewing Company
Christi Breese,Earthbound Brewing
Fey Pead,Boar's Head Grill & Tavern
Fey Pead,Twain's Billiards and Tap
Fey Pead,Little 5 Points Corner Tavern
Fey Pead,John Harvard's Brew House
Gardie Matzel,Blue Palms Brewhouse
Olympie McInteer,Coppertank Brewery
Olympie McInteer,Bottom of The Hill
Susanne Fontelles,City Club Inn
Susanne Fontelles,8th St Inn
Stevana Burkert,Blackrock Brewers
Godfree Lippi,Apple Blossom Brewing Company
Imogen Lynnitt,Commercial Taphouse Grill
Imogen Lynnitt,Adroit Theory Brewing Company
Imogen Lynnitt,Caboose Brewing Company
Geralda Trevett,Daiqui-ritas Bar and Lounge
Geralda Trevett,Bottom of The Hill
Geralda Trevett,Four Corners Brewing Co
Geralda Trevett,Brew House
Geralda Trevett,Brewery Tap
Geralda Trevett,El Maton National Hall Tavern
Alison Calder,Watch City Brewing Co
Jobyna Chirm,Bowling's
Jobyna Chirm,Bake Bottle & Brew
Meryl Tuft,Twain's Billiards and Tap
Meryl Tuft,Gordon Biersch Brewery Restaurant
Meryl Tuft,John Harvard's Brew House
Kellen Golda,Twain's Billiards and Tap
Kellen Golda,John Harvard's Brew House
Reena Pidgeley,Gingerman The
Shirlene Seakings,Bar and Grill Chippewa Falls
Shirlene Seakings,Beechmoor Restaurant & Lounge
Shirlene Seakings,Borland's
Gerard Daintry,Marsha's Tavern
Sinclair Speir,Scuttlebutt Tavern
Sinclair Speir,Cooper's Tavern
Sinclair Speir,Scoreboard Saloon The
Sinclair Speir,The Brewery Bar & Kitchen
Sinclair Speir,Casa Montego Inc
Lynna MacKenney,Crickett Tavern
Lynna MacKenney,Scuttlebutt Tavern
Lynna MacKenney,Cooper's Tavern
Lynna MacKenney,Snidely's
Lynna MacKenney,Chic Lounge
Lynna MacKenney,Casa Montego Inc
Lynna MacKenney,Costanzo's Lounge Restaurant
Gaspar Reskelly,Brick Tavern The
Gaspar Reskelly,Blue Marble The
Gaspar Reskelly,Voodoo Brewery
Lizzy D'Elia,Gordon Biersch
Lizzy D'Elia,Growlers of Gaithersburg
Malina Sibbson,Daiqui-ritas Bar and Lounge
Malina Sibbson,Bottom of The Hill
Malina Sibbson,El Maton National Hall Tavern
Lem Lorryman,Big Heads Tavern
Lem Lorryman,Great Raft Brewing
Derrick Della Scala,Watch City Brewing Co
Forster Phillipp,Blue Palms Brewhouse
Forster Phillipp,Brassfield Estate Winery
Forster Phillipp,Circle Bar
Forster Phillipp,Central Coast Brewing
Gae Buckthought,Crickett Tavern
Gae Buckthought,Scoreboard Saloon The
Gae Buckthought,The Brewery Bar & Kitchen
Rheba Knapman,Chucks Lounge
Rheba Knapman,Beepster's Tavern
Rheba Knapman,Great Raft Brewing
Granville Roja,Bottom of The Hill
Granville Roja,Brewery Tap
Granville Roja,El Maton National Hall Tavern
Tracey Grandham,Blue Palms Brewhouse
Tracey Grandham,Cismontane Brewing
Tracey Grandham,Brassfield Estate Winery
Tracey Grandham,Circle Bar
Nicola Blackbrough,Southampton Publick House
Nicola Blackbrough,The Brewery Bar & Kitchen
Nicola Blackbrough,Snidely's
Nicola Blackbrough,Chic Lounge
Nicola Blackbrough,Casa Montego Inc
Nicola Blackbrough,Costanzo's Lounge Restaurant
Doralyn Aberhart,Bobby's Sand Bar
Doralyn Aberhart,Carole's
Doralyn Aberhart,Beechwood Lounge
Jean Yushin,Barley Brothers Brewery
Sloan Lepoidevin,Blue Palms Brewhouse
Sloan Lepoidevin,Cismontane Brewing
Sloan Lepoidevin,Black Market Brewing Co
Sloan Lepoidevin,Central Coast Brewing
Sigfried Cridlon,Cismontane Brewing
Sigfried Cridlon,Brassfield Estate Winery
Sigfried Cridlon,Central Coast Brewing
Archambault Smaleman,Crickett Tavern
Archambault Smaleman,Southampton Publick House
Archambault Smaleman,The Brewery Bar & Kitchen
Archambault Smaleman,Costanzo's Lounge Restaurant
Dalis Bowyer,Blue Stallion Brewing Co
Dalis Bowyer,More Shenanigans
Harrison Zuann,Brassfield Estate Winery
Harrison Zuann,Circle Bar
Harrison Zuann,Central Coast Brewing
Keefe Newdick,Chucks Lounge
Keefe Newdick,Big Heads Tavern
Alano Hryniewicki,Avenue Pub
Christie Moreno,Strawn Brewing Company
Christie Moreno,Twain's Billiards and Tap
Christie Moreno,Little 5 Points Corner Tavern
Filmer Franzman,Bake Bottle & Brew
Melodie Jodlowski,Beechmoor Restaurant & Lounge
Melodie Jodlowski,Borland's
Bunnie Benger,Compa
Bunnie Benger,Bulldog Brewing Company
Bunnie Benger,Duffys Too Inc
Bunnie Benger,Fat Cat Bar
Gun Drake,Bowling's
Gun Drake,C B S Distributing Inc
Gun Drake,Bake Bottle & Brew
Felic Aspole,Mcguire's Irish Pub Brewery
Felic Aspole,Miller's Pembroke Pines Ale House
Gavin Attride,Wilson Richard
Gavin Attride,Brick Tavern The
Gavin Attride,Blue Marble The
Gavin Attride,Voodoo Brewery
Nathanael Carnie,Borland's
Asher Tenman,King Brewing Co
Asher Tenman,Key Largo Lounge Inc
Asher Tenman,Jolly Pumpkin Cafe & Brewery
Asher Tenman,Hoop N Holler Tavern
Ryun Croan,Kuhnhenn Brewing Co.
Ryun Croan,Key Largo Lounge Inc
Felizio Grason,Independent Club
Felizio Grason,Getaway Lounge
Felizio Grason,Davey Tavern
Virgina Elston,Bottom of The Hill
Virgina Elston,Brew House
Virgina Elston,Brewery Tap
Rebbecca Allan,Daiqui-ritas Bar and Lounge
Rebbecca Allan,Coppertank Brewery
Rebbecca Allan,Four Corners Brewing Co
Rebbecca Allan,Brew House
Rebbecca Allan,Brewery Tap
Rebbecca Allan,El Maton National Hall Tavern
Silvan Bleasby,Gingerman The
Aaron Oxtoby,Caboose Brewing Company
Lucian Gissop,3 Howls Distillery
Lucian Gissop,Asgard Tavern
Katuscha Zanicchelli,Cismontane Brewing
Katuscha Zanicchelli,Brassfield Estate Winery
Gabriellia Schruurs,C B S Distributing Inc
Alys Jaksic,Cismontane Brewing
Alys Jaksic,Brassfield Estate Winery
Alys Jaksic,Circle Bar
Alys Jaksic,Black Market Brewing Co
Kial Draco,Barley Brothers Brewery
Neale Stood,Dan Mcguinness Irish Pub
Isador Dodshon,Great Raft Brewing
Carly Gaughan,C B S Distributing Inc
Rheta Leynagh,Miller's Jacksonville Ale House
Brigham Barthrop,Compa
Brigham Barthrop,Corner Pocket Tavern
Brigham Barthrop,Aj's Bar & Grill
Brigham Barthrop,Blue Lantern Steak & Seafood
Brigham Barthrop,Duffys Too Inc
Brigham Barthrop,Bob's Tavern 19th Hole
Mallorie McElroy,City Limits Saloon & Grill
Mallorie McElroy,Dry Hop Brewers
Mallorie McElroy,Copper Dragon Brewing Co
Mallorie McElroy,Destihl Restaurant & Brew Works
Darleen MacIlraith,Miller's Jacksonville Ale House
Liliane Nannetti,More Shenanigans
Douglas Piatkow,Bowling's
Dorian Keford,Daiqui-ritas Bar and Lounge
Dorian Keford,Coppertank Brewery
Dorian Keford,Bottom of The Hill
Dorian Keford,Brew House
Dorian Keford,Brewery Tap
Dorian Keford,El Maton National Hall Tavern
Alie Kleinmintz,Growlers of Gaithersburg
Illa Oxshott,Key Largo Lounge Inc
Illa Oxshott,Jolly Pumpkin Cafe & Brewery
Illa Oxshott,Hoop N Holler Tavern
Dale Hark,Cismontane Brewing
Dale Hark,Brassfield Estate Winery
Dale Hark,Circle Bar
Dale Hark,Central Coast Brewing
Jacenta Gosart,Coppertank Brewery
Jacenta Gosart,Four Corners Brewing Co
Jacenta Gosart,Brewery Tap
Jacenta Gosart,El Maton National Hall Tavern
Francisco Galvan,Big Heads Tavern
Francisco Galvan,Beepster's Tavern
Obed Ounsworth,Buckhorn Tavern
Caterina Snook,Golden Rail The
Caterina Snook,19th St Country Club
Caterina Snook,The Sixth Pence Pub LLC
Caterina Snook,Firkin and Fox
Caterina Snook,Third Alarm Bar
Caterina Snook,West Virginia Brewing Co
Adrien Storkes,Embers Tavern & Grille
Adrien Storkes,Corsair Artisan
Phyllida Grattan,Barley Brothers Brewery
Chantalle Gerhts,Boneyard Barbecue Saloon
Terrie Winborn,Chucks Lounge
Terrie Winborn,Big Heads Tavern
Terrie Winborn,Beepster's Tavern
Terrie Winborn,Great Raft Brewing
Rosie Simunek,Taste of Europe
Rosie Simunek,The Office Beer Bar & Grill
Rosie Simunek,B B Cafe
Rosie Simunek,Timmy's Tavern
Davy O'Donoghue,Blue Palms Brewhouse
Davy O'Donoghue,Cismontane Brewing
Davy O'Donoghue,Brassfield Estate Winery
Davy O'Donoghue,Black Market Brewing Co
Davy O'Donoghue,Central Coast Brewing
Marti Fairchild,Bowling's
Harry Lenz,Coppertank Brewery
Harry Lenz,Four Corners Brewing Co
Clarence Mila,Daiqui-ritas Bar and Lounge
Clarence Mila,Bottom of The Hill
Clarence Mila,El Maton National Hall Tavern
Lovell Kleinber,Bottom of The Hill
Lovell Kleinber,Four Corners Brewing Co
Lovell Kleinber,Brew House
Lovell Kleinber,Brewery Tap
Allyn Gannicleff,Daiqui-ritas Bar and Lounge
Allyn Gannicleff,Brewery Tap
Allyn Gannicleff,El Maton National Hall Tavern
Jethro Heinz,Daiqui-ritas Bar and Lounge
Jethro Heinz,Brew House
Kimball Scintsbury,Bowling's
Kimball Scintsbury,C B S Distributing Inc
Kimball Scintsbury,Bake Bottle & Brew
Ferdinanda Bassil,Capitol City Brewing Company
Hewet Bootton,Daiqui-ritas Bar and Lounge
Hewet Bootton,Coppertank Brewery
Hewet Bootton,Bottom of The Hill
Hewet Bootton,Four Corners Brewing Co
Hewet Bootton,Brew House
Hewet Bootton,Brewery Tap
Rusty Kirimaa,Brewery Tap
Amie Dunton,Beechmoor Restaurant & Lounge
Kristien Schistl,Steel Toe Brewing
Kristien Schistl,Lamplighter Family Sports Bar Grill
Wendye Pleat,Mcguire's Irish Pub Brewery
Wendye Pleat,Miller's Pembroke Pines Ale House
Huntlee Icom,C B S Distributing Inc
Huntlee Icom,Bake Bottle & Brew
Anett Stradling,Earthbound Brewing
Anett Stradling,Chouteau Inn
Reuven Polotti,Corner Pocket Tavern
Reuven Polotti,Aj's Bar & Grill
Reuven Polotti,Bulldog Brewing Company
Reuven Polotti,Fat Cat Bar
Kent Storr,Cismontane Brewing
Kent Storr,Circle Bar
Kent Storr,Central Coast Brewing
Eydie Domoni,Bowling's
Petunia Imlin,Bowling's
Petunia Imlin,C B S Distributing Inc
Had Pestricke,Gingerman The
Denys Sappy,Boar's Head Grill & Tavern
Denys Sappy,Strawn Brewing Company
Denys Sappy,Little 5 Points Corner Tavern
Denys Sappy,Gordon Biersch Brewery Restaurant
Glynda Spilsbury,Atwood's Tin Hat
Julio Bantick,Coopers Landing
Julio Bantick,Rough Kutts
Julio Bantick,Southampton Publick House
Julio Bantick,Chic Lounge
Julio Bantick,Costanzo's Lounge Restaurant
Aeriela Cookley,Circle Bar
Aeriela Cookley,Black Market Brewing Co
Aeriela Cookley,Central Coast Brewing
Loria Chatelet,Danny's Bar & Grill
Loria Chatelet,The Blind Tiger Brewery
Loria Chatelet,River City Brewery
Loria Chatelet,Little Apple Brewing Co
Loria Chatelet,The Wheel
Mabel Cradock,Blue Palms Brewhouse
Mabel Cradock,Brassfield Estate Winery
Mabel Cradock,Circle Bar
Ulrich Farnhill,Miller's Jacksonville Ale House
Ulrich Farnhill,Mcguire's Irish Pub Brewery
Ulrich Farnhill,Miller's Pembroke Pines Ale House
Aland Kohneke,5 Spot 3
Aland Kohneke,Firkin and Fox
Aland Kohneke,West Virginia Brewing Co
Sloane Collison,3 Howls Distillery
Freddy Gillfillan,Bowling's
Freddy Gillfillan,C B S Distributing Inc
Freddy Gillfillan,Bake Bottle & Brew
Gail Sidebottom,Wilson Richard
Gail Sidebottom,Christy's Tavern
Gail Sidebottom,Vega's Lounge
Olenka Brealey,Daiqui-ritas Bar and Lounge
Olenka Brealey,Coppertank Brewery
Olenka Brealey,Bottom of The Hill
Olenka Brealey,Four Corners Brewing Co
Olenka Brealey,Brew House
Olenka Brealey,Brewery Tap
Olenka Brealey,El Maton National Hall Tavern
Lorinda Anton,Miller's Pembroke Pines Ale House
Domini Klarzynski,Blue Palms Brewhouse
Domini Klarzynski,Brassfield Estate Winery
Domini Klarzynski,Circle Bar
Domini Klarzynski,Black Market Brewing Co
Domini Klarzynski,Central Coast Brewing
Crystie Membry,Commercial Taphouse Grill
Crystie Membry,Caboose Brewing Company
Dav Fidler,Boar's Head Grill & Tavern
Dav Fidler,Strawn Brewing Company
Dav Fidler,Little 5 Points Corner Tavern
Dav Fidler,Gordon Biersch Brewery Restaurant
Dav Fidler,John Harvard's Brew House
Sonny Rennie,Embers Tavern & Grille
Sonny Rennie,Broadway Brewhouse
Nadeen Carnachen,Scuttlebutt Tavern
Nadeen Carnachen,Rough Kutts
Nadeen Carnachen,Chic Lounge
Nadeen Carnachen,Casa Montego Inc
Nadeen Carnachen,Costanzo's Lounge Restaurant
Bess Durran,Danny's Bar & Grill
Bess Durran,The Wheel
Jedd Filmer,Coopers Landing
Jedd Filmer,Crickett Tavern
Jedd Filmer,Rough Kutts
Jedd Filmer,Cooper's Tavern
Jedd Filmer,Snidely's
Jedd Filmer,Costanzo's Lounge Restaurant
Faun Lapere,Daiqui-ritas Bar and Lounge
Faun Lapere,Bottom of The Hill
Leila Kinsey,Coppertank Brewery
Leila Kinsey,Four Corners Brewing Co
Leila Kinsey,Brewery Tap
Ado Chalice,Mine Shaft Tavern
Ado Chalice,Rio Grande Brewing Co
Britta Faithorn,Daiqui-ritas Bar and Lounge
Britta Faithorn,Coppertank Brewery
Britta Faithorn,Four Corners Brewing Co
Britta Faithorn,El Maton National Hall Tavern
Olly Tarpey,Coopers Landing
Olly Tarpey,Crickett Tavern
Olly Tarpey,Scuttlebutt Tavern
Olly Tarpey,Cooper's Tavern
Olly Tarpey,Southampton Publick House
Olly Tarpey,Scoreboard Saloon The
Olly Tarpey,The Brewery Bar & Kitchen
Olly Tarpey,Snidely's
Olly Tarpey,Chic Lounge
Olly Tarpey,Costanzo's Lounge Restaurant
Corney Omar,Boar's Head Grill & Tavern
Corney Omar,Strawn Brewing Company
Corney Omar,Twain's Billiards and Tap
Corney Omar,Gordon Biersch Brewery Restaurant
Corney Omar,John Harvard's Brew House
Toni O' Culligan,Little Apple Brewing Co
Toni O' Culligan,The Wheel
Nettie Bozward,Apple Blossom Brewing Company
Nettie Bozward,Grumpy's
Nevin Diplock,Bottom of The Hill
Nevin Diplock,Four Corners Brewing Co
Nevin Diplock,Brew House
Nevin Diplock,El Maton National Hall Tavern
Kimmy Robottom,Atwood's Tin Hat
Sibel Faires,Strawn Brewing Company
Sibel Faires,Twain's Billiards and Tap
Sibel Faires,Little 5 Points Corner Tavern
Cammie Vowell,The Office Beer Bar & Grill
Cammie Vowell,B B Cafe
Cammie Vowell,Timmy's Tavern
Wilmette Tart,C B S Distributing Inc
Wilmette Tart,Bake Bottle & Brew
Tildy Aery,Fat Tuesdays
Gareth Ruske,Corsair Artisan
Lea Perdue,Earthbound Brewing
Lea Perdue,Chouteau Inn
Lyman Wrightam,Germantown Grille
Lyman Wrightam,City Limits Saloon & Grill
Lyman Wrightam,East Side Inc
Lyman Wrightam,Emmett's Tavern & Brewing Co
Lyman Wrightam,Destihl Restaurant & Brew Works
Lyman Wrightam,Brickstone Brewery
Robinetta Bashford,Miller's Jacksonville Ale House
Robena Johansen,Barley Brothers Brewery
Neils Tropman,City Club Inn
Neils Tropman,Bobby's Sand Bar
Neils Tropman,Carole's
Neils Tropman,Beechwood Lounge
Neils Tropman,Bent-rim The
Kaile Westpfel,Adroit Theory Brewing Company
Kaile Westpfel,Caboose Brewing Company
Marga Wessel,Barley Brothers Brewery
Roxine Uphill,Blue Palms Brewhouse
Roxine Uphill,Black Market Brewing Co
Collen Tilliard,Capitol City Brewing Company
Pablo Yegorchenkov,Brassfield Estate Winery
Pablo Yegorchenkov,Black Market Brewing Co
Pauly Glasscoe,Mcguire's Irish Pub Brewery
Pauly Glasscoe,Miller's Pembroke Pines Ale House
Gaynor Tomasz,Broadway Brewhouse
Maribeth Colmer,Taste of Europe
Maribeth Colmer,Timmy's Tavern
Cornelius Glendza,Lances Pub
Maura MacTague,Fat Tuesdays
Sigmund McKimm,Blue Marble The
Sigmund McKimm,Christy's Tavern
Sigmund McKimm,West Street Pub
Sigmund McKimm,Vega's Lounge
Sigmund McKimm,Voodoo Brewery
Rudiger Larter,Capitol City Brewing Company
Pier Handasyde,Gingerman The
Tarra Glisenan,Circle Bar
Tarra Glisenan,Central Coast Brewing
Aggie Exon,Little 5 Points Corner Tavern
Aggie Exon,John Harvard's Brew House
Pyotr Johns,Miller's Jacksonville Ale House
Pyotr Johns,Mcguire's Irish Pub Brewery
Kaylil Vampouille,Embers Tavern & Grille
Kaylil Vampouille,Broadway Brewhouse
Mignonne Dumbell,Miller's Jacksonville Ale House
Mignonne Dumbell,Miller's Pembroke Pines Ale House
Malissa Blakiston,Checkered Flag Sports Bar
Malissa Blakiston,Wilson Richard
Malissa Blakiston,Brick Tavern The
Malissa Blakiston,Vega's Lounge
Malissa Blakiston,Voodoo Brewery
Heloise Melan,Crickett Tavern
Heloise Melan,Rough Kutts
Heloise Melan,Southampton Publick House
Heloise Melan,The Brewery Bar & Kitchen
Heloise Melan,Snidely's
Jewel Kenny,Daiqui-ritas Bar and Lounge
Jewel Kenny,El Maton National Hall Tavern
Audy Koppes,Checkered Flag Sports Bar
Audy Koppes,Brick Tavern The
Audy Koppes,Blue Marble The
Audy Koppes,West Street Pub
Audy Koppes,Vega's Lounge
Audy Koppes,Voodoo Brewery
Crawford Streets,Crickett Tavern
Crawford Streets,Scuttlebutt Tavern
Crawford Streets,Rough Kutts
Crawford Streets,Southampton Publick House
Crawford Streets,Scoreboard Saloon The
Crawford Streets,Snidely's
Crawford Streets,Chic Lounge
Crawford Streets,Casa Montego Inc
Lucian Cossum,Chucks Lounge
Thoma Hiseman,Blue Palms Brewhouse
Thoma Hiseman,Cismontane Brewing
Thoma Hiseman,Brassfield Estate Winery
Thoma Hiseman,Circle Bar
Thoma Hiseman,Black Market Brewing Co
Rich Fulks,Steel Toe Brewing
Rich Fulks,Lamplighter Family Sports Bar Grill
Rich Fulks,Old Town Tavern
Niven Lippard,Kuhnhenn Brewing Co.
Niven Lippard,Jolly Pumpkin Cafe & Brewery
Niven Lippard,Hoop N Holler Tavern
Horatia Ostridge,Trinity Brewhouse
Horatia Ostridge,Pasc
Joelie Averill,Growlers of Gaithersburg
Joelie Averill,Frisco Tap House & Brewery
Armando Sprey,Brew House
Faulkner Piken,Central Coast Brewing
Shandee Mebius,Miller's Jacksonville Ale House
Marijo Bonwick,Scuttlebutt Tavern
Marijo Bonwick,Rough Kutts
Marijo Bonwick,Southampton Publick House
Marijo Bonwick,Scoreboard Saloon The
Marijo Bonwick,The Brewery Bar & Kitchen
Marijo Bonwick,Snidely's
Marijo Bonwick,Casa Montego Inc
Marijo Bonwick,Costanzo's Lounge Restaurant
Pamella Quick,Taste of Europe
Pamella Quick,The Office Beer Bar & Grill
Pamella Quick,Timmy's Tavern
Athene Sollis,Commercial Taphouse Grill
Athene Sollis,Adroit Theory Brewing Company
Athene Sollis,Caboose Brewing Company
Adi Lowell,Blue Palms Brewhouse
Adi Lowell,Circle Bar
Bartholomeus Franzetti,Avenue Pub
Bartholomeus Franzetti,B Bg's
Guillaume Waterfield,Four Corners Brewing Co
Guillaume Waterfield,Brew House
Homerus Bode,Marsha's Tavern
Lorrie Pryell,Mcguire's Irish Pub Brewery
Tarra Figg,Old Town Tavern
Wood McKirdy,The Office Beer Bar & Grill
Alyosha Bickers,Cismontane Brewing
Alyosha Bickers,Brassfield Estate Winery
Fayina Morat,Capitol City Brewing Company
Decca Elkington,Danny's Bar & Grill
Decca Elkington,The Blind Tiger Brewery
Drusie Garbutt,Daiqui-ritas Bar and Lounge
Drusie Garbutt,Bottom of The Hill
Drusie Garbutt,Brewery Tap
Drusie Garbutt,El Maton National Hall Tavern
Yehudi Wysome,Miller's Jacksonville Ale House
Yehudi Wysome,Mcguire's Irish Pub Brewery
Yehudi Wysome,Miller's Pembroke Pines Ale House
Francesco Reddick,Brassfield Estate Winery
Waldo Peller,Boar's Head Grill & Tavern
Waldo Peller,Twain's Billiards and Tap
Waldo Peller,Gordon Biersch Brewery Restaurant
Clarette Lanegran,Coppertank Brewery
Clarette Lanegran,Brew House
Clarette Lanegran,Brewery Tap
Clotilda Le Grice,Daiqui-ritas Bar and Lounge
Clotilda Le Grice,Coppertank Brewery
Clotilda Le Grice,Bottom of The Hill
Clotilda Le Grice,Four Corners Brewing Co
Clotilda Le Grice,El Maton National Hall Tavern
Salvatore Cockrem,Embers Tavern & Grille
Salvatore Cockrem,Corsair Artisan
Regen Bunclark,Boulder Beer Tap House
Crystal Loveitt,Mr Dan's Subs Crossed Oras Tavern
Maxine Artiss,Tavern The
Maxine Artiss,Martha's Tavern On Tenth
Edwin Sclanders,Avenue Pub
Nara Hamlen,Boulder Beer Tap House
Nara Hamlen,Blue Moon Brewery At The Sandlot
Pen Kippen,Brassfield Estate Winery
Pen Kippen,Circle Bar
Pen Kippen,Black Market Brewing Co
Sheba Wyllcock,Blue Stallion Brewing Co
Sheba Wyllcock,More Shenanigans
Liuka Fiddiman,Compa
Liuka Fiddiman,Aj's Bar & Grill
Liuka Fiddiman,Bulldog Brewing Company
Liuka Fiddiman,Duffys Too Inc
Liuka Fiddiman,Bob's Tavern 19th Hole
Liuka Fiddiman,Fat Cat Bar
Bili Matteoni,Beepster's Tavern
Bili Matteoni,Great Raft Brewing
Benedikta Gymblett,Miller's Jacksonville Ale House
Bertha Dourin,Capitol City Brewing Company
Kala Richens,Avenue Pub
Keslie Matuszkiewicz,Corsair Artisan
Wallis Philbin,Lances Pub
Gaylene Wharram,Commercial Taphouse Grill
Gaylene Wharram,Caboose Brewing Company
Tabb Brazer,Chucks Lounge
Tabb Brazer,Beepster's Tavern
Tabb Brazer,Great Raft Brewing
Anatollo Reinger,Boar's Head Grill & Tavern
Anatollo Reinger,Strawn Brewing Company
Anatollo Reinger,Little 5 Points Corner Tavern
Talia Legging,Brickway Brewery & Distillery
Talia Legging,Favorite Bar
Belia Maasz,T J Sport House
Belia Maasz,Quencher Tavern The
Belia Maasz,Wild Goose Tavern
Leena Spennock,Avenue Pub
Lauritz Danilishin,3 Howls Distillery
Lauritz Danilishin,Asgard Tavern
Hedwiga Lorkings,The Brewery Bar & Kitchen
Hedwiga Lorkings,Chic Lounge
Hedwiga Lorkings,Costanzo's Lounge Restaurant
Norbie Malarkey,Compa
Norbie Malarkey,Fat Cat Bar
Johnathan Carles,Coopers Landing
Johnathan Carles,Scuttlebutt Tavern
Johnathan Carles,Rough Kutts
Johnathan Carles,Cooper's Tavern
Johnathan Carles,The Brewery Bar & Kitchen
Johnathan Carles,Costanzo's Lounge Restaurant
Alexei Lawday,3 Howls Distillery
Barney Yearn,Checkered Flag Sports Bar
Barney Yearn,Wilson Richard
Barney Yearn,Brick Tavern The
Barney Yearn,Blue Marble The
Barney Yearn,Christy's Tavern
Barney Yearn,West Street Pub
Barney Yearn,Voodoo Brewery
Jaine Sleeford,Boulder Beer Tap House
Barbaraanne Jewess,Cismontane Brewing
Barbaraanne Jewess,Brassfield Estate Winery
Barbaraanne Jewess,Circle Bar
Barbaraanne Jewess,Black Market Brewing Co
Barbaraanne Jewess,Central Coast Brewing
Marylynne Girardez,Coppertank Brewery
Marylynne Girardez,Bottom of The Hill
Marylynne Girardez,Four Corners Brewing Co
Marylynne Girardez,Brewery Tap
Marylynne Girardez,El Maton National Hall Tavern
Alvan Westmerland,Compa
Alvan Westmerland,Aj's Bar & Grill
Alvan Westmerland,Bob's Tavern 19th Hole
Alvan Westmerland,Fat Cat Bar
Rutger Free,Blue Palms Brewhouse
Rutger Free,Black Market Brewing Co
Rutger Free,Central Coast Brewing
Jackie Roadknight,Capitol City Brewing Company
Bird Dradey,Bake Bottle & Brew
Jacenta Brumham,Gingerman The
Chris Whiteman,Apple Blossom Brewing Company
Kitti Gavriel,Coopers Landing
Kitti Gavriel,Crickett Tavern
Kitti Gavriel,Scuttlebutt Tavern
Kitti Gavriel,Cooper's Tavern
Kitti Gavriel,Southampton Publick House
Kitti Gavriel,Scoreboard Saloon The
Kitti Gavriel,The Brewery Bar & Kitchen
Kitti Gavriel,Snidely's
Kitti Gavriel,Chic Lounge
Kitti Gavriel,Costanzo's Lounge Restaurant
Dorian Filmer,Lances Pub
Lewie Taylot,C B S Distributing Inc
Pansie Venney,Coppertank Brewery
Pansie Venney,Brewery Tap
Leonardo Broadfoot,Chouteau Inn
Margi Handy,Brassfield Estate Winery
Marlena Peal,Commercial Taphouse Grill
Marlena Peal,Caboose Brewing Company
Olivia Polding,Circle Bar
Olivia Polding,Central Coast Brewing
Cully Campagne,Germantown Grille
Cully Campagne,City Limits Saloon & Grill
Cully Campagne,Dry Hop Brewers
Cully Campagne,East Side Inc
Cully Campagne,Copper Dragon Brewing Co
Cully Campagne,Emmett's Tavern & Brewing Co
Cully Campagne,Brickstone Brewery
Tull Findlay,Caboose Brewing Company
Craggie Glading,Three Rivers Eatery
Craggie Glading,Mine Shaft Tavern
Craggie Glading,Marble Brewery Santa Fe Tap Room
Emlynne Mitskevich,Blue Palms Brewhouse
Emlynne Mitskevich,Brassfield Estate Winery
Emlynne Mitskevich,Circle Bar
Emlynne Mitskevich,Black Market Brewing Co
Emlynne Mitskevich,Central Coast Brewing
Timothee Thecham,Big Heads Tavern
Timothee Thecham,Beepster's Tavern
Patrica Lamble,Miller's Jacksonville Ale House
Patrica Lamble,Mcguire's Irish Pub Brewery
Patrica Lamble,Marsha's Tavern
Kaja Edelheid,Miller's Jacksonville Ale House
Abbot Bails,City Limits Saloon & Grill
Abbot Bails,East Side Inc
Abbot Bails,Destihl Restaurant & Brew Works
Abbot Bails,Brickstone Brewery
Gabbi Gresley,Jolly Pumpkin Cafe & Brewery
Gabbi Gresley,Jailhouse Bar
Gonzales Ganforth,Big Rip Brewing Company
Gonzales Ganforth,Bickering Tree Lounge
Torie Summerbell,Blue Palms Brewhouse
Torie Summerbell,Cismontane Brewing
Torie Summerbell,Black Market Brewing Co
Torie Summerbell,Central Coast Brewing
Joelle Kingdom,T J Sport House
Joelle Kingdom,Quencher Tavern The
Joelle Kingdom,Wild Goose Tavern
Phillipe Iapico,Corner Pocket Tavern
Phillipe Iapico,Fat Cat Bar
Rasia Muscott,King Brewing Co
Rasia Muscott,Jolly Pumpkin Cafe & Brewery
Shurwood McIlveen,Willingers Beer Depot
Shurwood McIlveen,More Shenanigans
Isabella Basterfield,B Bg's
Mycah Genever,Taste of Europe
Mycah Genever,The Office Beer Bar & Grill
Teressa Folliss,Chucks Lounge
Carrol Sporton,Getaway Lounge
Carrol Sporton,Brickway Brewery & Distillery
Carrol Sporton,Anchor Inn Patio Bar
Melosa Fearnyhough,Daiqui-ritas Bar and Lounge
Melosa Fearnyhough,Brew House
Melosa Fearnyhough,Brewery Tap
Melosa Fearnyhough,El Maton National Hall Tavern
Doreen Paulack,Blue Palms Brewhouse
Doreen Paulack,Cismontane Brewing
Doreen Paulack,Brassfield Estate Winery
Doreen Paulack,Central Coast Brewing
Marc Sheavills,Bird's Basement Brewery
Marc Sheavills,Bar and Grill Chippewa Falls
Marc Sheavills,Beechmoor Restaurant & Lounge
Marc Sheavills,Borland's
Zoe Jonson,High Sierra Brewing Co
Zoe Jonson,Fat Tuesdays
Denver Broggio,Gordon Biersch
Denver Broggio,Growlers of Gaithersburg
Denver Broggio,Frisco Tap House & Brewery
Chelsie Pigeon,Caboose Brewing Company
Bord Chaloner,Corner Pocket Tavern
Bord Chaloner,Duffys Too Inc
Ruddy Eaddy,Blue Palms Brewhouse
Ruddy Eaddy,Black Market Brewing Co
Ruddy Eaddy,Central Coast Brewing
Rodger Connochie,Commercial Taphouse Grill
Cristionna Elmhurst,Blue Palms Brewhouse
Cristionna Elmhurst,Brassfield Estate Winery
Cristionna Elmhurst,Circle Bar
Cristionna Elmhurst,Black Market Brewing Co
Cristionna Elmhurst,Central Coast Brewing
Edie Callway,Boulder Beer Tap House
Edie Callway,Blue Moon Brewery At The Sandlot
Adolphus Bickerstaffe,T J Sport House
Adolphus Bickerstaffe,Quencher Tavern The
Reggie Proback,Rudys Beachside Bar
Reggie Proback,Mr Dan's Subs Crossed Oras Tavern
Reggie Proback,Seanachai Social Club
Reggie Proback,Silver Dollar 2.0
Reggie Proback,Growler Haus
Sheila-kathryn Canner,Brick Tavern The
Sheila-kathryn Canner,Blue Marble The
Sheila-kathryn Canner,Christy's Tavern
Sheila-kathryn Canner,West Street Pub
Sheila-kathryn Canner,Vega's Lounge
Sheila-kathryn Canner,Voodoo Brewery
Chico Gellett,Daiqui-ritas Bar and Lounge
Chico Gellett,Coppertank Brewery
Chico Gellett,Four Corners Brewing Co
Chico Gellett,Brew House
Chico Gellett,Brewery Tap
Chico Gellett,El Maton National Hall Tavern
Xenos Petrov,Boar's Head Grill & Tavern
Xenos Petrov,Strawn Brewing Company
Xenos Petrov,Gordon Biersch Brewery Restaurant
Theodor Rawlin,Great Raft Brewing
Etan McAllen,Daiqui-ritas Bar and Lounge
Etan McAllen,Coppertank Brewery
Etan McAllen,Four Corners Brewing Co
Etan McAllen,Brew House
Etan McAllen,Brewery Tap
Etan McAllen,El Maton National Hall Tavern
Joycelin Geffinger,Mcguire's Irish Pub Brewery
Shay Stendall,Mcguire's Irish Pub Brewery
Shay Stendall,Marsha's Tavern
Shay Stendall,Miller's Pembroke Pines Ale House
Mitchael Danovich,Little Apple Brewing Co
Mitchael Danovich,The Wheel
Esma Reolfi,Bowling's
Othilie Hubbert,Christy's Tavern
Othilie Hubbert,West Street Pub
Othilie Hubbert,Voodoo Brewery
Cassondra Durrell,The Blind Tiger Brewery
Cassondra Durrell,River City Brewery
Kara-lynn Wrathall,Checkered Flag Sports Bar
Kara-lynn Wrathall,Wilson Richard
Kara-lynn Wrathall,Brick Tavern The
Kara-lynn Wrathall,Christy's Tavern
Kara-lynn Wrathall,Voodoo Brewery
Danica McMurraya,Miller's Jacksonville Ale House
Danica McMurraya,Marsha's Tavern
Mella Cronk,Miller's Jacksonville Ale House
Mella Cronk,Mcguire's Irish Pub Brewery
Mella Cronk,Miller's Pembroke Pines Ale House
Rochell Osman,Seanachai Social Club
Rochell Osman,Silver Dollar 2.0
Charmine Gissop,Lances Pub
Darcy Jerome,Mcguire's Irish Pub Brewery
Sherilyn Scandroot,Twain's Billiards and Tap
Willie Jenney,Daiqui-ritas Bar and Lounge
Willie Jenney,Four Corners Brewing Co
Willie Jenney,Brew House
Bethany MacPhee,Bird's Basement Brewery
Bethany MacPhee,Bar and Grill Chippewa Falls
Bethany MacPhee,Borland's
Georgianna Hastewell,Compa
Georgianna Hastewell,Corner Pocket Tavern
Georgianna Hastewell,Aj's Bar & Grill
Georgianna Hastewell,Blue Lantern Steak & Seafood
Georgianna Hastewell,Duffys Too Inc
Georgianna Hastewell,Bob's Tavern 19th Hole
Camel Shoard,Bottom of The Hill
Camel Shoard,Brew House
Camel Shoard,El Maton National Hall Tavern
Rabbi Topes,Kuhnhenn Brewing Co.
Rabbi Topes,Hoop N Holler Tavern
Fleming Burgoyne,Strawn Brewing Company
Fleming Burgoyne,Twain's Billiards and Tap
Fleming Burgoyne,Little 5 Points Corner Tavern
Natalie Jeannon,Daiqui-ritas Bar and Lounge
Natalie Jeannon,Bottom of The Hill
Natalie Jeannon,Brewery Tap
Natalie Jeannon,El Maton National Hall Tavern
Uta Lowen,Taste of Europe
Issie Hanny,Mcguire's Irish Pub Brewery
Issie Hanny,Marsha's Tavern
Issie Hanny,Miller's Pembroke Pines Ale House
Barnie Kilroy,Lances Pub
Skipper Perrott,Scuttlebutt Tavern
Skipper Perrott,Cooper's Tavern
Skipper Perrott,The Brewery Bar & Kitchen
Skipper Perrott,Snidely's
Skipper Perrott,Chic Lounge
Skipper Perrott,Casa Montego Inc
Skipper Perrott,Costanzo's Lounge Restaurant
Flin Batram,Coppertank Brewery
Flin Batram,Bottom of The Hill
Inesita Cockerham,Frisco Tap House & Brewery
Rocky Sneaker,Mine Shaft Tavern
Roddy Swann,Blue Palms Brewhouse
Roddy Swann,Cismontane Brewing
Roddy Swann,Brassfield Estate Winery
Roddy Swann,Circle Bar
Roddy Swann,Black Market Brewing Co
Roddy Swann,Central Coast Brewing
Menard Ibert,Daiqui-ritas Bar and Lounge
Menard Ibert,Bottom of The Hill
Menard Ibert,Four Corners Brewing Co
Menard Ibert,Brewery Tap
Wileen Leefe,Rough Kutts
Wileen Leefe,Scoreboard Saloon The
Wileen Leefe,Snidely's
Wileen Leefe,Casa Montego Inc
Aldon Barry,The Blind Tiger Brewery
Aldon Barry,River City Brewery
Bryn Walder,C B S Distributing Inc
Valeda Pescod,City Limits Saloon & Grill
Valeda Pescod,Copper Dragon Brewing Co
Valeda Pescod,Destihl Restaurant & Brew Works
Valeda Pescod,Brickstone Brewery
Malvina Gobbet,The Blind Tiger Brewery
Malvina Gobbet,The Wheel
Auberon Cathee,Avenue Pub
Cello Dickings,Coopers Landing
Cello Dickings,Rough Kutts
Cello Dickings,Cooper's Tavern
Cello Dickings,Scoreboard Saloon The
Cello Dickings,Snidely's
Cello Dickings,Chic Lounge
Cello Dickings,Casa Montego Inc
Abra Zanre,Brick Tavern The
Abra Zanre,Christy's Tavern
Jody Dottridge,Bake Bottle & Brew
Edita Cansdell,Blue Stallion Brewing Co
Edita Cansdell,More Shenanigans
Justino Tuffley,City Club Inn
Justino Tuffley,Carole's
Justino Tuffley,Club 51
Justino Tuffley,Beechwood Lounge
Justino Tuffley,8th St Inn
Ludovika Reisen,Coopers Landing
Ludovika Reisen,Crickett Tavern
Ludovika Reisen,Scuttlebutt Tavern
Ludovika Reisen,Rough Kutts
Ludovika Reisen,Cooper's Tavern
Ludovika Reisen,Snidely's
Ludovika Reisen,Chic Lounge
Willette Arundell,Embers Tavern & Grille
Faustine Rosencwaig,Circle Bar
Faustine Rosencwaig,Central Coast Brewing
Immanuel Warrior,The Sixth Pence Pub LLC
Immanuel Warrior,Freedom Way Lounge
Immanuel Warrior,R C Carryout R C Tavern
Immanuel Warrior,West Virginia Brewing Co
Prudence Lubomirski,Blue Lantern Steak & Seafood
Prudence Lubomirski,Bob's Tavern 19th Hole
Prudence Lubomirski,Fat Cat Bar
Brady Oyley,City Club Inn
Brady Oyley,Carole's
Brady Oyley,Beechwood Lounge
Laurice Hedan,Gordon Biersch
Laurice Hedan,Growlers of Gaithersburg
Laurice Hedan,Frisco Tap House & Brewery
Eleanor Pescott,Mcguire's Irish Pub Brewery
Eleanor Pescott,Miller's Pembroke Pines Ale House
Allyn Dwine,Miller's Pembroke Pines Ale House
Zane Arkin,Daiqui-ritas Bar and Lounge
Zane Arkin,Bottom of The Hill
Zane Arkin,Brew House
Zane Arkin,Brewery Tap
Zane Arkin,El Maton National Hall Tavern
Seymour Pancoast,Boulder Beer Tap House
Seymour Pancoast,Blue Moon Brewery At The Sandlot
Jacquenetta Jursch,Bowling's
Jacquenetta Jursch,C B S Distributing Inc
Jacquenetta Jursch,Bake Bottle & Brew
Darbee Jendrach,Lances Pub
Sherill Bernardes,Coppertank Brewery
Sherill Bernardes,Bottom of The Hill
Sherill Bernardes,Brew House
Walker Christofor,Blackrock Brewers
Vidovik Piddletown,Caboose Brewing Company
Melodee Tunkin,Danny's Bar & Grill
Melodee Tunkin,The Blind Tiger Brewery
Melodee Tunkin,River City Brewery
Melodee Tunkin,Little Apple Brewing Co
Loreen Wintersgill,Roosters Brewing Co
Loreen Wintersgill,Wing Nutz
Loreen Wintersgill,Squatter's Pub Brewery
Minnaminnie Rosenblad,Bake Bottle & Brew
Dunstan Tunnock,Mcguire's Irish Pub Brewery
Dunstan Tunnock,Marsha's Tavern
Gan Aldington,Miller's Jacksonville Ale House
Gan Aldington,Marsha's Tavern
Gan Aldington,Miller's Pembroke Pines Ale House
Tamiko Craisford,Cooper's Tavern
Tamiko Craisford,Southampton Publick House
Tamiko Craisford,Scoreboard Saloon The
Tamiko Craisford,The Brewery Bar & Kitchen
Tamiko Craisford,Chic Lounge
Tamiko Craisford,Casa Montego Inc
Perri Gabrieli,The Blind Tiger Brewery
Perri Gabrieli,Little Apple Brewing Co
Perri Gabrieli,The Wheel
Arch Hutt,Avenue Pub
Brandea Boone,Checkered Flag Sports Bar
Brandea Boone,Brick Tavern The
Brandea Boone,Blue Marble The
Brandea Boone,Voodoo Brewery
Ozzy Jenckes,Tavern The
Ozzy Jenckes,Martha's Tavern On Tenth
Aridatha Conor,Blue Palms Brewhouse
Aridatha Conor,Circle Bar
Aridatha Conor,Central Coast Brewing
Hattie Jachtym,Willingers Beer Depot
Hattie Jachtym,Blue Stallion Brewing Co
Hattie Jachtym,More Shenanigans
Howey Ferson,Miller's Jacksonville Ale House
Howey Ferson,Mcguire's Irish Pub Brewery
Howey Ferson,Marsha's Tavern
Howey Ferson,Miller's Pembroke Pines Ale House
Mozelle Purveys,Snidely's
Mozelle Purveys,Casa Montego Inc
Margit Trays,Germantown Grille
Margit Trays,Dry Hop Brewers
Margit Trays,East Side Inc
Margit Trays,Copper Dragon Brewing Co
Margit Trays,Emporium The
Margit Trays,Brickstone Brewery
Jobi Geal,Coopers Landing
Jobi Geal,Rough Kutts
Jobi Geal,Chic Lounge
Dietrich Ephgrave,Bulldog Brewing Company
Dietrich Ephgrave,Duffys Too Inc
Dietrich Ephgrave,Fat Cat Bar
Lenee Bartomeu,Boar's Head Grill & Tavern
Lenee Bartomeu,John Harvard's Brew House
Timmie Bouskill,City Limits Saloon & Grill
Timmie Bouskill,East Side Inc
Timmie Bouskill,Copper Dragon Brewing Co
Timmie Bouskill,Emmett's Tavern & Brewing Co
Timmie Bouskill,Destihl Restaurant & Brew Works
Timmie Bouskill,Brickstone Brewery
Lucius Lochhead,B Bg's
Park Elsby,Bottom of The Hill
Jami Fessby,Boulder Beer Tap House
Jami Fessby,Blue Moon Brewery At The Sandlot
Reinwald Sawood,Capitol City Brewing Company
Elie Reisen,Marsha's Tavern
Tamiko Sollime,Coopers Landing
Tamiko Sollime,Scuttlebutt Tavern
Tamiko Sollime,Cooper's Tavern
Tamiko Sollime,Casa Montego Inc
Tamiko Sollime,Costanzo's Lounge Restaurant
Merci Collison,Firehouse Sports Pub
Riordan Follen,Daiqui-ritas Bar and Lounge
Riordan Follen,Bottom of The Hill
Riordan Follen,Four Corners Brewing Co
Ofelia Daine,Tavern The
Ofelia Daine,Martha's Tavern On Tenth
Jimmie Binnell,Bottom of The Hill
Jimmie Binnell,Brew House
Jimmie Binnell,Brewery Tap
Allayne Arnley,Daiqui-ritas Bar and Lounge
Allayne Arnley,Coppertank Brewery
Allayne Arnley,Four Corners Brewing Co
Allayne Arnley,Brew House
Allayne Arnley,Brewery Tap
Allayne Arnley,El Maton National Hall Tavern
Rakel Jiruch,City Limits Saloon & Grill
Rakel Jiruch,East Side Inc
Rakel Jiruch,Brickstone Brewery
Linn Musicka,Chucks Lounge
Linn Musicka,Big Heads Tavern
Merola Matthieson,Miller's Jacksonville Ale House
Merola Matthieson,Marsha's Tavern
Merola Matthieson,Miller's Pembroke Pines Ale House
Moina Philipsohn,Alibi Tavern
Moina Philipsohn,Buckhorn Tavern
Stacee Verriour,Coopers Landing
Stacee Verriour,Scuttlebutt Tavern
Stacee Verriour,Cooper's Tavern
Stacee Verriour,Southampton Publick House
Stacee Verriour,Snidely's
Rutter Keese,Rough Kutts
Garnette Rohmer,Daiqui-ritas Bar and Lounge
Garnette Rohmer,Four Corners Brewing Co
Garnette Rohmer,El Maton National Hall Tavern
Arleyne Elsdon,Avenue Pub
Merrilee Browett,Blue Palms Brewhouse
Merrilee Browett,Cismontane Brewing
Merrilee Browett,Brassfield Estate Winery
Johnette Watters,Lamplighter Family Sports Bar Grill
Johnette Watters,Old Town Tavern
Adrianna MacBey,Broadway Brewhouse
Veronika Guntrip,Bird's Basement Brewery
Veronika Guntrip,Borland's
Mercy Dykes,The Sixth Pence Pub LLC
Mercy Dykes,5 Spot 3
Mercy Dykes,R C Carryout R C Tavern
Mercy Dykes,Third Alarm Bar
Mercy Dykes,Broadway
Ware Casina,Capitol City Brewing Company
Francyne Prator,King Brewing Co
Francyne Prator,Jolly Pumpkin Cafe & Brewery
Carita Whiteford,Daiqui-ritas Bar and Lounge
Carita Whiteford,Bottom of The Hill
Carita Whiteford,Brew House
Carita Whiteford,Brewery Tap
Caroline Nineham,Big Rip Brewing Company
Caroline Nineham,Earthbound Brewing
Alessandra Iacobassi,Germantown Grille
Alessandra Iacobassi,City Limits Saloon & Grill
Alessandra Iacobassi,Destihl Restaurant & Brew Works
Alessandra Iacobassi,Emporium The
Alessandra Iacobassi,Brickstone Brewery
Kinny Napthine,Blue Palms Brewhouse
Kinny Napthine,Brassfield Estate Winery
Kinny Napthine,Black Market Brewing Co
Kinny Napthine,Central Coast Brewing
Dulsea Roderick,Daiqui-ritas Bar and Lounge
Dulsea Roderick,Coppertank Brewery
Dulsea Roderick,Four Corners Brewing Co
Guilbert Rolling,Willingers Beer Depot
Byram Freeborn,Caboose Brewing Company
Klarika Hulles,C B S Distributing Inc
Jephthah Eneas,Four Corners Brewing Co
Jephthah Eneas,Brew House
Jephthah Eneas,Brewery Tap
Jephthah Eneas,El Maton National Hall Tavern
Koral Plaistowe,T J Sport House
Koral Plaistowe,Wild Goose Tavern
Kearney Brenston,Bowling's
Tessy Chapier,Commercial Taphouse Grill
Tessy Chapier,Adroit Theory Brewing Company
Tessy Chapier,Caboose Brewing Company
Darby Bentke,Corsair Artisan
Darby Bentke,Broadway Brewhouse
Web Oake,Dan Mcguinness Irish Pub
Erma Gatenby,Growlers of Gaithersburg
Erma Gatenby,Frisco Tap House & Brewery
Bambi Leete,Borland's
Mannie Yarnall,The Office Beer Bar & Grill
Mannie Yarnall,Timmy's Tavern
Desiree Buye,Daiqui-ritas Bar and Lounge
Desiree Buye,Bottom of The Hill
Desiree Buye,Four Corners Brewing Co
Hilliary Girth,Miller's Jacksonville Ale House
Hilliary Girth,Marsha's Tavern
Hilliary Girth,Miller's Pembroke Pines Ale House
Herc Gusticke,Daiqui-ritas Bar and Lounge
Dagny Macenzy,Blue Marble The
Dagny Macenzy,Vega's Lounge
Emmanuel Russo,Three Rivers Eatery
Emmanuel Russo,Mine Shaft Tavern
Emmanuel Russo,Rio Grande Brewing Co
Emmanuel Russo,Marble Brewery Santa Fe Tap Room
Dedra Elkin,Coppertank Brewery
Dedra Elkin,Bottom of The Hill
Dedra Elkin,Four Corners Brewing Co
Dedra Elkin,Brewery Tap
Dexter McMearty,Blue Palms Brewhouse
Dexter McMearty,Cismontane Brewing
Dexter McMearty,Brassfield Estate Winery
Dexter McMearty,Circle Bar
Isabelita Lemary,Asgard Tavern
Consuelo Litster,Gordon Biersch
Consuelo Litster,Growlers of Gaithersburg
Consuelo Litster,Frisco Tap House & Brewery
Merrel Samples,Big Rip Brewing Company
Anabelle Cambling,Mine Shaft Tavern
Anabelle Cambling,Marble Brewery Santa Fe Tap Room
Mordecai Gini,Key Largo Lounge Inc
Mordecai Gini,Hoop N Holler Tavern
Mordecai Gini,Jailhouse Bar
Jae Vaugham,Lances Pub
Zerk Heasman,Gingerman The
Kelila Coghill,Marsha's Tavern
Ania Pratten,King Brewing Co
Ania Pratten,Jolly Pumpkin Cafe & Brewery
Ania Pratten,Jailhouse Bar
Joni Deakes,High Sierra Brewing Co
Stacia Pechell,Miller's Jacksonville Ale House
Stacia Pechell,Miller's Pembroke Pines Ale House
Ianthe Binley,Key Largo Lounge Inc
Ianthe Binley,Hoop N Holler Tavern
Terese Norwood,Avenue Pub
Terese Norwood,B Bg's
Chev Holby,Blue Palms Brewhouse
Chev Holby,Cismontane Brewing
Chev Holby,Brassfield Estate Winery
Chev Holby,Central Coast Brewing
Christoforo Mort,Capitol City Brewing Company
Dacie Harbord,Watch City Brewing Co
Dacie Harbord,T J Sport House
Dacie Harbord,Quencher Tavern The
Sara-ann McClifferty,Rough Kutts
Sara-ann McClifferty,Southampton Publick House
Sara-ann McClifferty,Scoreboard Saloon The
Sara-ann McClifferty,The Brewery Bar & Kitchen
Sara-ann McClifferty,Chic Lounge
Sara-ann McClifferty,Casa Montego Inc
Maddie Bryns,Big Heads Tavern
Maddie Bryns,Beepster's Tavern
Kaylil Lanston,River City Brewery
Amitie Sacaze,Miller's Jacksonville Ale House
Amitie Sacaze,Mcguire's Irish Pub Brewery
Quinlan Colclough,Brassfield Estate Winery
Ryon Starkings,Carney's Pub and Tavern
Mariska Craddy,Big Rip Brewing Company
Mariska Craddy,Earthbound Brewing
Mariska Craddy,Bickering Tree Lounge
Adrian Minchinton,King Brewing Co
Adrian Minchinton,Kuhnhenn Brewing Co.
Adrian Minchinton,Hoop N Holler Tavern
Adrian Minchinton,Jailhouse Bar
Elton Mettetal,Watch City Brewing Co
Cirillo Murdoch,Boar's Head Grill & Tavern
Cirillo Murdoch,Little 5 Points Corner Tavern
Anitra Turbat,19th St Country Club
Anitra Turbat,The Sixth Pence Pub LLC
Anitra Turbat,Firkin and Fox
Anitra Turbat,Third Alarm Bar
Anitra Turbat,West Virginia Brewing Co
Byrom Caley,Boulder Beer Tap House
Byrom Caley,Blue Moon Brewery At The Sandlot
Markos Goch,Cismontane Brewing
Markos Goch,Brassfield Estate Winery
Markos Goch,Black Market Brewing Co
Gradeigh Trunks,Daiqui-ritas Bar and Lounge
Gradeigh Trunks,Bottom of The Hill
Gradeigh Trunks,Brew House
Gradeigh Trunks,Brewery Tap
Ianthe Raund,Miller's Jacksonville Ale House
Ianthe Raund,Mcguire's Irish Pub Brewery
Ianthe Raund,Marsha's Tavern
Kahaleel Bazell,Daiqui-ritas Bar and Lounge
Kahaleel Bazell,Bottom of The Hill
Kahaleel Bazell,Brew House
Kahaleel Bazell,El Maton National Hall Tavern
Ruttger Wandless,Big Rip Brewing Company
Ashia Anders,Coppertank Brewery
Ashia Anders,Four Corners Brewing Co
Ashia Anders,Brew House
Vera Tapsell,Steel Toe Brewing
Vera Tapsell,Flat Earth Brewery
Vera Tapsell,Old Town Tavern
Gray Gladdin,Brassfield Estate Winery
Gray Gladdin,Black Market Brewing Co
Gray Gladdin,Central Coast Brewing
Itch Temporal,Marsha's Tavern
Itch Temporal,Miller's Pembroke Pines Ale House
Cayla Chishull,Blue Palms Brewhouse
Cayla Chishull,Cismontane Brewing
Cayla Chishull,Brassfield Estate Winery
Cayla Chishull,Black Market Brewing Co
Kimberly Connal,Danny's Bar & Grill
Kimberly Connal,Little Apple Brewing Co
Trev Restall,Four Corners Brewing Co
Trev Restall,El Maton National Hall Tavern
Dulcine Bernat,Fat Tuesdays
Cordy Shovel,Brew House
Cordy Shovel,Brewery Tap
Cristy McCuthais,Coopers Landing
Cristy McCuthais,Crickett Tavern
Cristy McCuthais,Scuttlebutt Tavern
Cristy McCuthais,Rough Kutts
Cristy McCuthais,Cooper's Tavern
Cristy McCuthais,Southampton Publick House
Cristy McCuthais,The Brewery Bar & Kitchen
Cristy McCuthais,Snidely's
Cristy McCuthais,Chic Lounge
Cristy McCuthais,Casa Montego Inc
Cristy McCuthais,Costanzo's Lounge Restaurant
Edsel Tovey,Dry Hop Brewers
Edsel Tovey,Copper Dragon Brewing Co
Edsel Tovey,Emmett's Tavern & Brewing Co
Edsel Tovey,Destihl Restaurant & Brew Works
Edsel Tovey,Emporium The
Tamra Cosens,Alibi Tavern
Tamra Cosens,Buckhorn Tavern
Griffin Ponceford,City Club Inn
Griffin Ponceford,Bobby's Sand Bar
Griffin Ponceford,Club 51
Griffin Ponceford,Beechwood Lounge
Julianna Portch,Borland's
Jeannette Tisun,Germantown Grille
Jeannette Tisun,City Limits Saloon & Grill
Jeannette Tisun,East Side Inc
Jeannette Tisun,Copper Dragon Brewing Co
Jeannette Tisun,Brickstone Brewery
Lorene Thonger,Brew House
Lorene Thonger,El Maton National Hall Tavern
Loretta Asmus,City Limits Saloon & Grill
Loretta Asmus,Emmett's Tavern & Brewing Co
Loretta Asmus,Destihl Restaurant & Brew Works
Loretta Asmus,Emporium The
Diahann Yashanov,Growlers of Gaithersburg
Barney Swindlehurst,Gordon Biersch Brewery Restaurant
Dorri Steeples,Carney's Pub and Tavern
Linc Haggus,Coppertank Brewery
Linc Haggus,Brew House
Linc Haggus,Brewery Tap
Paddy Collens,Key Largo Lounge Inc
Paddy Collens,Jolly Pumpkin Cafe & Brewery
Paddy Collens,Hoop N Holler Tavern
Trula Delahunty,Daiqui-ritas Bar and Lounge
Trula Delahunty,Bottom of The Hill
Trula Delahunty,Four Corners Brewing Co
Tori O'Fihillie,5 Spot 3
Tori O'Fihillie,R C Carryout R C Tavern
Tori O'Fihillie,Third Alarm Bar
Tori O'Fihillie,Broadway
Jeth Wrathmall,Cismontane Brewing
Jeth Wrathmall,Circle Bar
Jeth Wrathmall,Black Market Brewing Co
Jeth Wrathmall,Central Coast Brewing
Nicoli Moyers,Corner Pocket Tavern
Nicoli Moyers,Aj's Bar & Grill
Nicoli Moyers,Duffys Too Inc
Nicoli Moyers,Bob's Tavern 19th Hole
Iorgo Rispine,A and P Bar and Grill
Kally Pasby,Earthbound Brewing
Daphne Bernt,Bottom of The Hill
Daphne Bernt,Four Corners Brewing Co
Daphne Bernt,Brew House
Daphne Bernt,El Maton National Hall Tavern
Enoch Turfrey,Big Rip Brewing Company
Enoch Turfrey,Chouteau Inn
Lonnie Goodding,Miller's Jacksonville Ale House
Lonnie Goodding,Mcguire's Irish Pub Brewery
Lonnie Goodding,Marsha's Tavern
Lonnie Goodding,Miller's Pembroke Pines Ale House
Naoma Fewkes,Capitol City Brewing Company
Kirsti Lomasny,Bottom of The Hill
Kirsti Lomasny,Brew House
Kirsti Lomasny,El Maton National Hall Tavern
Cyrille Cuttell,Brewery Tap
Cyrille Cuttell,El Maton National Hall Tavern
Alice Messager,Compa
Alice Messager,Corner Pocket Tavern
Alice Messager,Duffys Too Inc
Alice Messager,Bob's Tavern 19th Hole
Alice Messager,Fat Cat Bar
Fiona Milesap,Three Rivers Eatery
Fiona Milesap,Mine Shaft Tavern
Fiona Milesap,Marble Brewery Santa Fe Tap Room
Borden Gerault,High Sierra Brewing Co
Borden Gerault,Chicago Brewing Company
Cliff Shakle,Mcguire's Irish Pub Brewery
Cliff Shakle,Marsha's Tavern
Cliff Shakle,Miller's Pembroke Pines Ale House
Marji Willan,Blue Palms Brewhouse
Marji Willan,Circle Bar
Marji Willan,Black Market Brewing Co
Marji Willan,Central Coast Brewing
Roth Hayworth,Daiqui-ritas Bar and Lounge
Roth Hayworth,Coppertank Brewery
Roth Hayworth,Bottom of The Hill
Roth Hayworth,Four Corners Brewing Co
Roth Hayworth,Brew House
Siffre Isson,Crickett Tavern
Siffre Isson,Scuttlebutt Tavern
Siffre Isson,Southampton Publick House
Siffre Isson,The Brewery Bar & Kitchen
Siffre Isson,Casa Montego Inc
Siffre Isson,Costanzo's Lounge Restaurant
Maurita Capeling,Avenue Pub
Maurita Capeling,B Bg's
Katleen Duester,Scuttlebutt Tavern
Katleen Duester,Rough Kutts
Katleen Duester,Cooper's Tavern
Katleen Duester,Southampton Publick House
Katleen Duester,The Brewery Bar & Kitchen
Katleen Duester,Chic Lounge
Katleen Duester,Costanzo's Lounge Restaurant
Timmy Filkin,Blue Palms Brewhouse
Timmy Filkin,Circle Bar
Timmy Filkin,Central Coast Brewing
Kittie Kitto,Kona Brewing Co & Brew Pub
Kittie Kitto,Taps & Apps
Flossi Brazil,Coopers Landing
Flossi Brazil,Crickett Tavern
Flossi Brazil,Scuttlebutt Tavern
Flossi Brazil,Southampton Publick House
Flossi Brazil,Chic Lounge
Flossi Brazil,Casa Montego Inc
Flossi Brazil,Costanzo's Lounge Restaurant
Tan Lettson,Southampton Publick House
Tan Lettson,Scoreboard Saloon The
Tan Lettson,The Brewery Bar & Kitchen
Tan Lettson,Casa Montego Inc
Tan Lettson,Costanzo's Lounge Restaurant
Karel Kington,Asgard Tavern
Ondrea Speer,Brassfield Estate Winery
Ondrea Speer,Circle Bar
Ondrea Speer,Black Market Brewing Co
Stavro Yuryichev,Germantown Grille
Stavro Yuryichev,City Limits Saloon & Grill
Stavro Yuryichev,Copper Dragon Brewing Co
Stavro Yuryichev,Emmett's Tavern & Brewing Co
Erena Gianneschi,Miller's Jacksonville Ale House
Erena Gianneschi,Mcguire's Irish Pub Brewery
Erena Gianneschi,Marsha's Tavern
Erena Gianneschi,Miller's Pembroke Pines Ale House
Ike Lanphier,Blue Palms Brewhouse
Ike Lanphier,Brassfield Estate Winery
Ike Lanphier,Black Market Brewing Co
Benjamen Pleaden,Blue Palms Brewhouse
Benjamen Pleaden,Brassfield Estate Winery
Benjamen Pleaden,Circle Bar
Sidoney Hickford,High Sierra Brewing Co
Sidoney Hickford,Fat Tuesdays
Sidoney Hickford,Chicago Brewing Company
Mirabella Grandison,Mine Shaft Tavern
Erhard Shilling,Flat Earth Brewery
Erhard Shilling,Old Town Tavern
Eugen Althrope,Blue Palms Brewhouse
Sarajane Jotham,Miller's Jacksonville Ale House
Sarajane Jotham,Mcguire's Irish Pub Brewery
Sarajane Jotham,Marsha's Tavern
Sarajane Jotham,Miller's Pembroke Pines Ale House
Shaun Gadesby,Miller's Jacksonville Ale House
Shaun Gadesby,Miller's Pembroke Pines Ale House
Aprilette Ugoletti,Daiqui-ritas Bar and Lounge
Aprilette Ugoletti,Bottom of The Hill
Aprilette Ugoletti,El Maton National Hall Tavern
Veradis Rumble,Avenue Pub
Veradis Rumble,B Bg's
Will Maruska,Willingers Beer Depot
Will Maruska,Blue Stallion Brewing Co
Anestassia Miell,Blue Moon Brewery At The Sandlot
Bette-ann McKeggie,Wooden Legs Brewing Company
Meade Quilliam,The Sixth Pence Pub LLC
Meade Quilliam,5 Spot 3
Meade Quilliam,Firkin and Fox
Meade Quilliam,Third Alarm Bar
Meade Quilliam,West Virginia Brewing Co
Meade Quilliam,Broadway
Alina Balkwill,Coopers Landing
Alina Balkwill,Scuttlebutt Tavern
Alina Balkwill,Southampton Publick House
Alina Balkwill,Scoreboard Saloon The
Alina Balkwill,The Brewery Bar & Kitchen
Alina Balkwill,Snidely's
Alina Balkwill,Costanzo's Lounge Restaurant
Julee Junkison,Miller's Pembroke Pines Ale House
Jeramie Manjot,King Brewing Co
Jeramie Manjot,Key Largo Lounge Inc
Jeramie Manjot,Hoop N Holler Tavern
Jeramie Manjot,Jailhouse Bar
Marcile Sine,B B Cafe
Marcile Sine,Timmy's Tavern
Bernie Morgon,Independent Club
Bernie Morgon,Getaway Lounge
Bernie Morgon,Davey Tavern
Bernie Morgon,Anchor Inn Patio Bar
Holly Carthy,Willingers Beer Depot
Zena Towhey,Blue Palms Brewhouse
Zena Towhey,Cismontane Brewing
Zena Towhey,Circle Bar
Zena Towhey,Black Market Brewing Co
Neill Corton,Crickett Tavern
Neill Corton,Rough Kutts
Neill Corton,Southampton Publick House
Neill Corton,Casa Montego Inc
Neill Corton,Costanzo's Lounge Restaurant
Kristofer Salomon,Blue Palms Brewhouse
Kristofer Salomon,Circle Bar
Kristofer Salomon,Central Coast Brewing
Clemmy Caron,King Brewing Co
Clemmy Caron,Kuhnhenn Brewing Co.
Clemmy Caron,Key Largo Lounge Inc
Clemmy Caron,Jolly Pumpkin Cafe & Brewery
Clemmy Caron,Jailhouse Bar
Liane Bradden,Blue Palms Brewhouse
Liane Bradden,Cismontane Brewing
Liane Bradden,Circle Bar
Liane Bradden,Black Market Brewing Co
Gilly Iacomi,Lances Pub
Liv Guirau,Cismontane Brewing
Liv Guirau,Brassfield Estate Winery
Liv Guirau,Black Market Brewing Co
Liv Guirau,Central Coast Brewing
Jeanelle Crookshank,Blue Palms Brewhouse
Jeanelle Crookshank,Central Coast Brewing
Caldwell Halleday,River City Brewery
Caldwell Halleday,Little Apple Brewing Co
Barnie Clemow,Christy's Tavern
Barnie Clemow,Vega's Lounge
Joane McCullen,Corsair Artisan
Stephen Newby,City Club Inn
Stephen Newby,Beechwood Lounge
Stephen Newby,8th St Inn
Kass McPhate,The Office Beer Bar & Grill
Kass McPhate,B B Cafe
Kass McPhate,Timmy's Tavern
Karisa Salters,Four Corners Brewing Co
Karisa Salters,El Maton National Hall Tavern
Quinta Rosten,Mcguire's Irish Pub Brewery
Quinta Rosten,Miller's Pembroke Pines Ale House
Charmine Pietasch,Daiqui-ritas Bar and Lounge
Charmine Pietasch,Bottom of The Hill
Charmine Pietasch,Four Corners Brewing Co
Charmine Pietasch,Brew House
Charmine Pietasch,Brewery Tap
Charmine Pietasch,El Maton National Hall Tavern
Erv Issard,Roosters Brewing Co
Erv Issard,Wing Nutz
Erv Issard,Squatter's Pub Brewery
Turner Tanswell,City Club Inn
Turner Tanswell,Bobby's Sand Bar
Turner Tanswell,Club 51
Turner Tanswell,Bent-rim The
Amelia Shenton,Bake Bottle & Brew
Darcie Boardman,Blue Palms Brewhouse
Darcie Boardman,Brassfield Estate Winery
Darcie Boardman,Circle Bar
Darcie Boardman,Central Coast Brewing
Maybelle Dinesen,Checkered Flag Sports Bar
Maybelle Dinesen,Wilson Richard
Maybelle Dinesen,Christy's Tavern
Maybelle Dinesen,West Street Pub
Maybelle Dinesen,Vega's Lounge
Polly Nell,Blue Palms Brewhouse
Polly Nell,Cismontane Brewing
Polly Nell,Central Coast Brewing
Konstance Boughtflower,Coopers Landing
Konstance Boughtflower,Scuttlebutt Tavern
Konstance Boughtflower,Cooper's Tavern
Konstance Boughtflower,Southampton Publick House
Konstance Boughtflower,Snidely's
Konstance Boughtflower,Chic Lounge
Konstance Boughtflower,Costanzo's Lounge Restaurant
Dynah Blunsum,Caboose Brewing Company
Floris Flecknoe,Cismontane Brewing
Floris Flecknoe,Black Market Brewing Co
Daloris Gregol,Beepster's Tavern
Daloris Gregol,Great Raft Brewing
Genni Harber,Golden Rail The
Genni Harber,19th St Country Club
Genni Harber,The Sixth Pence Pub LLC
Genni Harber,5 Spot 3
Genni Harber,Freedom Way Lounge
Genni Harber,R C Carryout R C Tavern
Genni Harber,Third Alarm Bar
Genni Harber,West Virginia Brewing Co
Genni Harber,Broadway
Janek MacCombe,Golden Rail The
Janek MacCombe,19th St Country Club
Janek MacCombe,5 Spot 3
Janek MacCombe,Freedom Way Lounge
Janek MacCombe,R C Carryout R C Tavern
Janek MacCombe,Firkin and Fox
Janek MacCombe,Third Alarm Bar
Janek MacCombe,Broadway
Hedda Deeley,Asgard Tavern
Valerie Tarquinio,City Club Inn
Valerie Tarquinio,Carole's
Valerie Tarquinio,Club 51
Valerie Tarquinio,8th St Inn
Valerie Tarquinio,Bent-rim The
Sharlene Dawbery,C B S Distributing Inc
Josepha Cotte,Little 5 Points Corner Tavern
Josepha Cotte,Gordon Biersch Brewery Restaurant
Gilbertine Oxer,Bottom of The Hill
Gilbertine Oxer,Brewery Tap
Lusa Guitton,Daiqui-ritas Bar and Lounge
Lusa Guitton,Coppertank Brewery
Lusa Guitton,Bottom of The Hill
Lusa Guitton,Four Corners Brewing Co
Mia Hailston,Blue Palms Brewhouse
Mia Hailston,Black Market Brewing Co
Mia Hailston,Central Coast Brewing
Gertrude Biasioli,Daiqui-ritas Bar and Lounge
Gertrude Biasioli,Bottom of The Hill
Gertrude Biasioli,Four Corners Brewing Co
Gertrude Biasioli,Brew House
Gertrude Biasioli,El Maton National Hall Tavern
Mikkel Jollie,Caboose Brewing Company
Anet Grimwade,The Blind Tiger Brewery
Hubert Kingman,Getaway Lounge
Hubert Kingman,Favorite Bar
Hazlett Louis,Chicago Brewing Company
Anders McNickle,Atwood's Tin Hat
Isac Rabson,Capitol City Brewing Company
Kristan Shakshaft,Sockeye Grill and Brewery
Beverly Ashton,Strawn Brewing Company
Beverly Ashton,Little 5 Points Corner Tavern
Beverly Ashton,Gordon Biersch Brewery Restaurant
Beverly Ashton,John Harvard's Brew House
Neil Deedes,Miller's Jacksonville Ale House
Ninetta Renner,3 Howls Distillery
Ninetta Renner,Atwood's Tin Hat
Ninetta Renner,Asgard Tavern
Eilis Pantone,Checkered Flag Sports Bar
Eilis Pantone,Wilson Richard
Eilis Pantone,Brick Tavern The
Eilis Pantone,Blue Marble The
Eilis Pantone,West Street Pub
Eilis Pantone,Voodoo Brewery
Aldric MacRury,Key Largo Lounge Inc
Aldric MacRury,Jolly Pumpkin Cafe & Brewery
Aldric MacRury,Hoop N Holler Tavern
Aldric MacRury,Jailhouse Bar
Pebrook Pistol,Miller's Jacksonville Ale House
Pebrook Pistol,Mcguire's Irish Pub Brewery
Pebrook Pistol,Marsha's Tavern
Terrell Kellitt,Daiqui-ritas Bar and Lounge
Terrell Kellitt,Brew House
Terrell Kellitt,El Maton National Hall Tavern
Birk Watman,Blue Palms Brewhouse
Birk Watman,Cismontane Brewing
Birk Watman,Brassfield Estate Winery
Birk Watman,Circle Bar
Birk Watman,Black Market Brewing Co
Birk Watman,Central Coast Brewing
Cherin Hampshire,Lances Pub
Danika Capp,Little 5 Points Corner Tavern
Danika Capp,Gordon Biersch Brewery Restaurant
Danika Capp,John Harvard's Brew House
Addison Aronin,Blackrock Brewers
Addison Aronin,Barley Brothers Brewery
Bryn O'Cullen,Roosters Brewing Co
Clair Bodker,Miller's Jacksonville Ale House
Clair Bodker,Mcguire's Irish Pub Brewery
Clair Bodker,Marsha's Tavern
Muffin Matussow,Butte Brewing Company
Muffin Matussow,Bridger Brewing
Cybil Craister,Boar's Head Grill & Tavern
Cybil Craister,Twain's Billiards and Tap
Cybil Craister,Gordon Biersch Brewery Restaurant
Cybil Craister,John Harvard's Brew House
Siobhan Tremathick,Daiqui-ritas Bar and Lounge
Siobhan Tremathick,Bottom of The Hill
Siobhan Tremathick,El Maton National Hall Tavern
Marcela Desborough,City Club Inn
Marcela Desborough,Bobby's Sand Bar
Marcela Desborough,Carole's
Marcela Desborough,Club 51
Marcela Desborough,Beechwood Lounge
Marcela Desborough,Bent-rim The
Nanice Shalloe,Miller's Jacksonville Ale House
Nanice Shalloe,Mcguire's Irish Pub Brewery
Nanice Shalloe,Marsha's Tavern
Nanice Shalloe,Miller's Pembroke Pines Ale House
Staci Redfern,Blackrock Brewers
Angele Briars,Blue Palms Brewhouse
Angele Briars,Brassfield Estate Winery
Angele Briars,Black Market Brewing Co
Angele Briars,Central Coast Brewing
Mike Stefanovic,Four Corners Brewing Co
Mike Stefanovic,Brew House
Mike Stefanovic,Brewery Tap
Mike Stefanovic,El Maton National Hall Tavern
Amalie McAuliffe,John Harvard's Brew House
Maxy Brodest,King Brewing Co
Maxy Brodest,Kuhnhenn Brewing Co.
Maxy Brodest,Key Largo Lounge Inc
Maxy Brodest,Jailhouse Bar
Christa Klimaszewski,Lances Pub
Darcee Ivankin,Bickering Tree Lounge
Evered Wreford,Miller's Jacksonville Ale House
Evered Wreford,Marsha's Tavern
Evered Wreford,Miller's Pembroke Pines Ale House
Noelle Grimsey,Coopers Landing
Noelle Grimsey,Crickett Tavern
Noelle Grimsey,Southampton Publick House
Noelle Grimsey,The Brewery Bar & Kitchen
Noelle Grimsey,Snidely's
Noelle Grimsey,Casa Montego Inc
Noelle Grimsey,Costanzo's Lounge Restaurant
Savina Skevington,Avenue Pub
Bent Trustram,King Brewing Co
Bent Trustram,Kuhnhenn Brewing Co.
Bent Trustram,Key Largo Lounge Inc
Bent Trustram,Jolly Pumpkin Cafe & Brewery
Adler Mugglestone,Blue Palms Brewhouse
Adler Mugglestone,Cismontane Brewing
Adler Mugglestone,Black Market Brewing Co
Mirna Lightbowne,B Bg's
Konrad Spencley,Coppertank Brewery
Konrad Spencley,Brewery Tap
Konrad Spencley,El Maton National Hall Tavern
Cass Hancorn,Gingerman The
Constantino Garfit,Mcguire's Irish Pub Brewery
Gabbi Rasper,Daiqui-ritas Bar and Lounge
Gabbi Rasper,Four Corners Brewing Co
Gabbi Rasper,Brew House
Gabbi Rasper,Brewery Tap
Gradey Benck,Alibi Tavern
Gradey Benck,Buckhorn Tavern
Imelda Utley,Commercial Taphouse Grill
Imelda Utley,Adroit Theory Brewing Company
Imelda Utley,Caboose Brewing Company
Renault Acutt,Brassfield Estate Winery
Elizabeth Goscar,Coppertank Brewery
Elizabeth Goscar,Four Corners Brewing Co
Elizabeth Goscar,Brew House
Elizabeth Goscar,Brewery Tap
Kira Kidd,Daiqui-ritas Bar and Lounge
Kira Kidd,Coppertank Brewery
Kira Kidd,Bottom of The Hill
Kira Kidd,Four Corners Brewing Co
Kira Kidd,Brew House
Kira Kidd,El Maton National Hall Tavern
Tasha Artus,Coppertank Brewery
Tasha Artus,Four Corners Brewing Co
Tasha Artus,Brewery Tap
Tasha Artus,El Maton National Hall Tavern
Kial Cissell,Avenue Pub
Kial Cissell,B Bg's
Adams Collyns,Cismontane Brewing
Adams Collyns,Brassfield Estate Winery
Adams Collyns,Circle Bar
Adams Collyns,Black Market Brewing Co
Lorilyn Robjohns,Bake Bottle & Brew
Krystle Pineaux,Coppertank Brewery
Krystle Pineaux,Four Corners Brewing Co
Krystle Pineaux,El Maton National Hall Tavern
Leah Di Iorio,Marsha's Tavern
Leah Di Iorio,Miller's Pembroke Pines Ale House
Tammara Scurrell,Marsha's Tavern
Tammara Scurrell,Miller's Pembroke Pines Ale House
Edna Brill,Germantown Grille
Edna Brill,City Limits Saloon & Grill
Edna Brill,Destihl Restaurant & Brew Works
Edna Brill,Emporium The
Morry Elverstone,Blue Palms Brewhouse
Morry Elverstone,Brassfield Estate Winery
Morry Elverstone,Black Market Brewing Co
Libby Silson,Tavern The
Libby Silson,Martha's Tavern On Tenth
Carol-jean Cearley,3 Howls Distillery
Clair Scrivens,City Limits Saloon & Grill
Clair Scrivens,Dry Hop Brewers
Clair Scrivens,East Side Inc
Cristi Eastway,Steel Toe Brewing
Cristi Eastway,Old Town Tavern
Staci Norrey,Martha's Tavern On Tenth
Kalle Coggins,Miller's Pembroke Pines Ale House
Dayle Delacroux,Barley Brothers Brewery
Margaretta Corton,Daiqui-ritas Bar and Lounge
Margaretta Corton,Coppertank Brewery
Stanly Stubbs,Daiqui-ritas Bar and Lounge
Stanly Stubbs,Coppertank Brewery
Stanly Stubbs,Bottom of The Hill
Stanly Stubbs,El Maton National Hall Tavern
Valle Masedon,Mcguire's Irish Pub Brewery
Valle Masedon,Marsha's Tavern
Valle Masedon,Miller's Pembroke Pines Ale House
Clari Guilloton,Willingers Beer Depot
Clari Guilloton,More Shenanigans
Angelique Urry,Lamplighter Family Sports Bar Grill
Zia Cream,Brassfield Estate Winery
Lewiss Bentsen,Bake Bottle & Brew
Constantia Dollimore,Frisco Tap House & Brewery
Rebekah Wippermann,Avenue Pub
Cicely Cartmail,Cismontane Brewing
Cicely Cartmail,Brassfield Estate Winery
Cicely Cartmail,Circle Bar
Cicely Cartmail,Central Coast Brewing
Eddy Vasilyevski,Rudys Beachside Bar
Eddy Vasilyevski,Mr Dan's Subs Crossed Oras Tavern
Eddy Vasilyevski,Silver Dollar 2.0
Eddy Vasilyevski,Growler Haus
Olly Pitcher,Blue Palms Brewhouse
Olly Pitcher,Brassfield Estate Winery
Olly Pitcher,Circle Bar
Luce Hanaby,Rough Kutts
Luce Hanaby,Southampton Publick House
Luce Hanaby,Snidely's
Luce Hanaby,Chic Lounge
Ravid Kilgrove,Miller's Jacksonville Ale House
Marlie Petera,Daiqui-ritas Bar and Lounge
Marlie Petera,Brew House
Marlie Petera,Brewery Tap
Vidovik Mawer,Checkered Flag Sports Bar
Vidovik Mawer,Wilson Richard
Vidovik Mawer,Brick Tavern The
Vidovik Mawer,Blue Marble The
Vidovik Mawer,West Street Pub
Vidovik Mawer,Vega's Lounge
Kiele Izak,Danny's Bar & Grill
Kiele Izak,River City Brewery
Kiele Izak,Little Apple Brewing Co
Blythe Matitiaho,Blue Palms Brewhouse
Currie Crann,Mine Shaft Tavern
Currie Crann,Rio Grande Brewing Co
Josias Gebuhr,Avenue Pub
Josias Gebuhr,B Bg's
Shena Carcass,Miller's Jacksonville Ale House
Shena Carcass,Mcguire's Irish Pub Brewery
Shena Carcass,Marsha's Tavern
Shena Carcass,Miller's Pembroke Pines Ale House
Berenice Pearsey,Caboose Brewing Company
Cleve Waumsley,Corner Pocket Tavern
Cleve Waumsley,Blue Lantern Steak & Seafood
Cleve Waumsley,Bulldog Brewing Company
Cleve Waumsley,Duffys Too Inc
Clo Whyte,B Bg's
Tani Jaouen,Commercial Taphouse Grill
Tani Jaouen,Caboose Brewing Company
Piggy Benthall,Chic Lounge
Piggy Benthall,Casa Montego Inc
Piggy Benthall,Costanzo's Lounge Restaurant
Belicia de Nore,Commercial Taphouse Grill
Belicia de Nore,Caboose Brewing Company
Stephannie Grinikhin,Blue Palms Brewhouse
Stephannie Grinikhin,Cismontane Brewing
Stephannie Grinikhin,Brassfield Estate Winery
Stephannie Grinikhin,Circle Bar
Stephan Dack,Brick Tavern The
Stephan Dack,Blue Marble The
Stephan Dack,West Street Pub
Stephan Dack,Vega's Lounge
Stephan Dack,Voodoo Brewery
Lea Anear,King Brewing Co
Lea Anear,Key Largo Lounge Inc
Lea Anear,Jolly Pumpkin Cafe & Brewery
Lea Anear,Hoop N Holler Tavern
Marcelle Bennell,Roosters Brewing Co
Marcelle Bennell,Wing Nutz
Tessa Antonin,B Bg's
Hetti Fonteyne,Corsair Artisan
Hetti Fonteyne,Broadway Brewhouse
Jaclyn Burnie,Atwood's Tin Hat
Marilee Auten,Mcguire's Irish Pub Brewery
Marilee Auten,Miller's Pembroke Pines Ale House
Lonnard Meatcher,Sunday River Brewing Co
Lonnard Meatcher,Noodles & Company
Jen Bowick,Coppertank Brewery
Humberto Fleischer,Strawn Brewing Company
Humberto Fleischer,Twain's Billiards and Tap
Humberto Fleischer,Little 5 Points Corner Tavern
Humberto Fleischer,Gordon Biersch Brewery Restaurant
Humberto Fleischer,John Harvard's Brew House
Shari Dempsey,Daiqui-ritas Bar and Lounge
Shari Dempsey,Four Corners Brewing Co
Shari Dempsey,Brew House
Shari Dempsey,Brewery Tap
Shari Dempsey,El Maton National Hall Tavern
Doug Jurick,Blue Palms Brewhouse
Doug Jurick,Circle Bar
Sapphire Bartolomieu,Coopers Landing
Sapphire Bartolomieu,The Brewery Bar & Kitchen
Sapphire Bartolomieu,Casa Montego Inc
Kiri Bellefant,Key Largo Lounge Inc
Tatiana Gunda,Daiqui-ritas Bar and Lounge
Tatiana Gunda,Bottom of The Hill
Tatiana Gunda,Four Corners Brewing Co
Tatiana Gunda,Brewery Tap
Shanta Mongain,Cismontane Brewing
Shanta Mongain,Brassfield Estate Winery
Shanta Mongain,Black Market Brewing Co
Shanta Mongain,Central Coast Brewing
Tracy Vassall,Daiqui-ritas Bar and Lounge
Tracy Vassall,Coppertank Brewery
Tracy Vassall,Brewery Tap
Tracy Vassall,El Maton National Hall Tavern
Delaney Haliburton,Gordon Biersch
Delaney Haliburton,Frisco Tap House & Brewery
Cornelia Pumfrey,Blue Stallion Brewing Co
Peggy Jacobovitch,Boar's Head Grill & Tavern
Mohandis De Gouy,Blackrock Brewers
Mohandis De Gouy,Barley Brothers Brewery
Maudie Hallstone,Quencher Tavern The
Terrell Eivers,Adroit Theory Brewing Company
Leroi Haveline,Blue Palms Brewhouse
Leroi Haveline,Brassfield Estate Winery
Leroi Haveline,Circle Bar
Leroi Haveline,Central Coast Brewing
Sarine Buckham,Earthbound Brewing
Sarine Buckham,Chouteau Inn
Sarine Buckham,Bickering Tree Lounge
Wallace Cradduck,Coopers Landing
Wallace Cradduck,Crickett Tavern
Wallace Cradduck,Scuttlebutt Tavern
Wallace Cradduck,Rough Kutts
Wallace Cradduck,Cooper's Tavern
Wallace Cradduck,Southampton Publick House
Wallace Cradduck,The Brewery Bar & Kitchen
Wallace Cradduck,Snidely's
Glennis Sallan,Daiqui-ritas Bar and Lounge
Glennis Sallan,Coppertank Brewery
Glennis Sallan,Four Corners Brewing Co
Glennis Sallan,Brew House
Glennis Sallan,El Maton National Hall Tavern
Reynard Norcutt,Blue Moon Brewery At The Sandlot
Alasteir Navarro,Marsha's Tavern
Donni Paynes,Buckhorn Tavern
Louise Giraudel,Checkered Flag Sports Bar
Louise Giraudel,Brick Tavern The
Louise Giraudel,Blue Marble The
Louise Giraudel,Christy's Tavern
Louise Giraudel,Vega's Lounge
Esme Laight,Buckhorn Tavern
Stefanie Kittless,Blue Palms Brewhouse
Stefanie Kittless,Cismontane Brewing
Stefanie Kittless,Circle Bar
Orton Eisikowitz,Germantown Grille
Orton Eisikowitz,Copper Dragon Brewing Co
Orton Eisikowitz,Emporium The
Orton Eisikowitz,Brickstone Brewery
Devlin Chaudret,Broadway Brewhouse
Callie Omand,Lances Pub
Berri Duffil,Coppertank Brewery
Berri Duffil,Bottom of The Hill
Berri Duffil,Brewery Tap
Marne Botha,Miller's Jacksonville Ale House
Marne Botha,Mcguire's Irish Pub Brewery
Marne Botha,Miller's Pembroke Pines Ale House
Dru Ruzic,Bowling's
Vivie Van den Oord,Coppertank Brewery
Vivie Van den Oord,Bottom of The Hill
Vivie Van den Oord,Four Corners Brewing Co
Vivie Van den Oord,Brew House
Vivie Van den Oord,Brewery Tap
Jud Perl,City Club Inn
Jud Perl,Beechwood Lounge
Jud Perl,Bent-rim The
Robenia McPaik,Daiqui-ritas Bar and Lounge
Robenia McPaik,Coppertank Brewery
Robenia McPaik,Bottom of The Hill
Robenia McPaik,Brew House
Robenia McPaik,Brewery Tap
Robenia McPaik,El Maton National Hall Tavern
Stevie Georgelin,Earthbound Brewing
Stevie Georgelin,Bickering Tree Lounge
Harrietta Caze,Cismontane Brewing
Harrietta Caze,Brassfield Estate Winery
Harrietta Caze,Circle Bar
Harrietta Caze,Central Coast Brewing
Biddy Boutton,Daiqui-ritas Bar and Lounge
Biddy Boutton,Coppertank Brewery
Biddy Boutton,Four Corners Brewing Co
Biddy Boutton,Brew House
Wade Nijs,Capitol City Brewing Company
Emiline Farrin,3 Howls Distillery
Kristal Cutajar,King Brewing Co
Kristal Cutajar,Kuhnhenn Brewing Co.
Kristal Cutajar,Jolly Pumpkin Cafe & Brewery
Kristal Cutajar,Hoop N Holler Tavern
Gweneth Satyford,Commercial Taphouse Grill
Gweneth Satyford,Adroit Theory Brewing Company
Thomasina Tuxell,Embers Tavern & Grille
Caria Souster,Big Heads Tavern
Silva Cooksley,Bird's Basement Brewery
Silva Cooksley,Beechmoor Restaurant & Lounge
Silva Cooksley,Borland's
Ines Laxtonne,Tavern The
Ines Laxtonne,Martha's Tavern On Tenth
Padraic Smittoune,Boulder Beer Tap House
Marsha Waghorne,Dempsey's Brewery Pub & Restaurant
Gill Rowly,Daiqui-ritas Bar and Lounge
Gill Rowly,Coppertank Brewery
Gill Rowly,Bottom of The Hill
Gill Rowly,Four Corners Brewing Co
Gill Rowly,Brewery Tap
Gill Rowly,El Maton National Hall Tavern
Mignon Gillet,Checkered Flag Sports Bar
Mignon Gillet,Wilson Richard
Mignon Gillet,Brick Tavern The
Mignon Gillet,Blue Marble The
Mignon Gillet,Christy's Tavern
Mignon Gillet,West Street Pub
Mignon Gillet,Vega's Lounge
Mignon Gillet,Voodoo Brewery
Bellanca Basten,Cismontane Brewing
Bellanca Basten,Circle Bar
Bellanca Basten,Black Market Brewing Co
Bellanca Basten,Central Coast Brewing
Bari Scutter,Blue Palms Brewhouse
Bari Scutter,Cismontane Brewing
Bari Scutter,Circle Bar
Bari Scutter,Black Market Brewing Co
Joline Mapledoore,Crickett Tavern
Joline Mapledoore,Cooper's Tavern
Joline Mapledoore,Southampton Publick House
Joline Mapledoore,Scoreboard Saloon The
Joline Mapledoore,The Brewery Bar & Kitchen
Joline Mapledoore,Snidely's
Joline Mapledoore,Costanzo's Lounge Restaurant
Nariko Anker,Blue Palms Brewhouse
Nariko Anker,Cismontane Brewing
Nariko Anker,Brassfield Estate Winery
Nariko Anker,Black Market Brewing Co
Nariko Anker,Central Coast Brewing
Selena Sueter,Blue Palms Brewhouse
Selena Sueter,Brassfield Estate Winery
Selena Sueter,Circle Bar
Selena Sueter,Black Market Brewing Co
Selena Sueter,Central Coast Brewing
Filia Detoc,Blue Moon Brewery At The Sandlot
Linnet Djurdjevic,Miller's Jacksonville Ale House
Linnet Djurdjevic,Mcguire's Irish Pub Brewery
Linnet Djurdjevic,Miller's Pembroke Pines Ale House
Odo Tilt,Kuhnhenn Brewing Co.
Odo Tilt,Jolly Pumpkin Cafe & Brewery
Timmy Gascoine,Daiqui-ritas Bar and Lounge
Timmy Gascoine,Bottom of The Hill
Timmy Gascoine,Brew House
Lauryn Ludlom,Barley Brothers Brewery
Marlena Colls,Mr Dan's Subs Crossed Oras Tavern
Marlena Colls,Seanachai Social Club
Marlena Colls,Silver Dollar 2.0
Marlena Colls,Growler Haus
Tressa Pinnigar,Blue Stallion Brewing Co
Barn Emmitt,Blue Palms Brewhouse
Barn Emmitt,Cismontane Brewing
Barn Emmitt,Brassfield Estate Winery
Barn Emmitt,Circle Bar
Barn Emmitt,Central Coast Brewing
Nelle Brecon,Crickett Tavern
Nelle Brecon,Scuttlebutt Tavern
Nelle Brecon,Rough Kutts
Nelle Brecon,Cooper's Tavern
Nelle Brecon,Southampton Publick House
Nelle Brecon,Scoreboard Saloon The
Nelle Brecon,Casa Montego Inc
Caitlin Mattheis,Circle Bar
Tabbitha Fleeman,Mr Dan's Subs Crossed Oras Tavern
Tabbitha Fleeman,Seanachai Social Club
Tabbitha Fleeman,Growler Haus
Lelia Fieller,R C Carryout R C Tavern
Lelia Fieller,Firkin and Fox
Lelia Fieller,Third Alarm Bar
Lelia Fieller,Broadway
Floris Macia,Marsha's Tavern
Leontine Arnke,Kuhnhenn Brewing Co.
Leontine Arnke,Jolly Pumpkin Cafe & Brewery
Leontine Arnke,Jailhouse Bar
Tulley Cammack,Blue Palms Brewhouse
Tulley Cammack,Cismontane Brewing
Tulley Cammack,Brassfield Estate Winery
Tulley Cammack,Black Market Brewing Co
Tulley Cammack,Central Coast Brewing
Corabel Cantrill,Miller's Jacksonville Ale House
Corabel Cantrill,Mcguire's Irish Pub Brewery
Corabel Cantrill,Marsha's Tavern
Simone Bellhouse,Daiqui-ritas Bar and Lounge
Simone Bellhouse,Four Corners Brewing Co
Tish Garlinge,Cismontane Brewing
Tish Garlinge,Brassfield Estate Winery
Tish Garlinge,Circle Bar
Tish Garlinge,Black Market Brewing Co
Muhammad Ruppeli,Mcguire's Irish Pub Brewery
Pat Gwioneth,More Shenanigans
Ephrem Coverdale,Bowling's
Rosalynd Flanigan,Miller's Pembroke Pines Ale House
Parrnell Linley,Compa
Parrnell Linley,Corner Pocket Tavern
Parrnell Linley,Bob's Tavern 19th Hole
Parrnell Linley,Fat Cat Bar
Winni Abramovitch,Lances Pub
Maddy MacFie,Germantown Grille
Maddy MacFie,City Limits Saloon & Grill
Maddy MacFie,East Side Inc
Maddy MacFie,Copper Dragon Brewing Co
Maddy MacFie,Emmett's Tavern & Brewing Co
Maddy MacFie,Destihl Restaurant & Brew Works
Maddy MacFie,Emporium The
Maddy MacFie,Brickstone Brewery
Richie Philpott,Chucks Lounge
Richie Philpott,Beepster's Tavern
Sophronia McIntee,Blackrock Brewers
Dina Filippozzi,Brewery Tap
Dina Filippozzi,El Maton National Hall Tavern
Ingrim Longforth,Bowling's
Ingrim Longforth,C B S Distributing Inc
Leona Lippitt,Big Rip Brewing Company
Leona Lippitt,Bickering Tree Lounge
Stormi Merck,Daiqui-ritas Bar and Lounge
Stormi Merck,Bottom of The Hill
Stormi Merck,Brew House
Stormi Merck,Brewery Tap
Winfred Gayforth,Coppertank Brewery
Winfred Gayforth,Four Corners Brewing Co
Winfred Gayforth,Brewery Tap
Sonya Issac,Chucks Lounge
Sonya Issac,Beepster's Tavern
Zaria Ord,Bottom of The Hill
Zaria Ord,Brew House
Zaria Ord,Brewery Tap
Jefferson McCrillis,Boar's Head Grill & Tavern
Jefferson McCrillis,Strawn Brewing Company
Jefferson McCrillis,Gordon Biersch Brewery Restaurant
Chris Werrett,Cismontane Brewing
Chris Werrett,Circle Bar
Chris Werrett,Black Market Brewing Co
Bartram Folkerd,Blue Palms Brewhouse
Bartram Folkerd,Cismontane Brewing
Bartram Folkerd,Brassfield Estate Winery
Katy Hitzke,Daiqui-ritas Bar and Lounge
Katy Hitzke,Bottom of The Hill
Katy Hitzke,Four Corners Brewing Co
Katy Hitzke,Brew House
Camel Rubinek,Martha's Tavern On Tenth
Earlie Brazil,Alibi Tavern
Esdras Andree,Gingerman The
Fidela Hamper,Atwood's Tin Hat
Fidela Hamper,Asgard Tavern
Luz Folkerd,Mcguire's Irish Pub Brewery
Luz Folkerd,Marsha's Tavern
Maggie Rubinfajn,Brassfield Estate Winery
Maggie Rubinfajn,Circle Bar
Maggie Rubinfajn,Black Market Brewing Co
Maggie Rubinfajn,Central Coast Brewing
Noreen Filipychev,Blue Palms Brewhouse
Noreen Filipychev,Cismontane Brewing
Noreen Filipychev,Circle Bar
Sydney Bentz,Carole's
Sydney Bentz,Club 51
Sydney Bentz,Bent-rim The
Lonnie Trotton,Atwood's Tin Hat
Lonnie Trotton,Asgard Tavern
Baxter Waite,Bottom of The Hill
Baxter Waite,Four Corners Brewing Co
Issie Du Pre,Coppertank Brewery
Issie Du Pre,Bottom of The Hill
Issie Du Pre,Four Corners Brewing Co
Marquita Grimstead,Danny's Bar & Grill
Marquita Grimstead,Little Apple Brewing Co
Marquita Grimstead,The Wheel
Osbourne Batalini,Daiqui-ritas Bar and Lounge
Osbourne Batalini,Brew House
Osbourne Batalini,Brewery Tap
Osbourne Batalini,El Maton National Hall Tavern
Paula Menpes,Checkered Flag Sports Bar
Paula Menpes,Wilson Richard
Paula Menpes,Brick Tavern The
Paula Menpes,Blue Marble The
Paula Menpes,Christy's Tavern
Pete Pevsner,Daiqui-ritas Bar and Lounge
Pete Pevsner,Bottom of The Hill
Linn Schechter,Blue Moon Brewery At The Sandlot
Farrand Iddins,Miller's Jacksonville Ale House
Farrand Iddins,Marsha's Tavern
Noami Harp,Boulder Beer Tap House
Loralie Insworth,Checkered Flag Sports Bar
Loralie Insworth,Brick Tavern The
Loralie Insworth,Blue Marble The
Loralie Insworth,Vega's Lounge
Loralie Insworth,Voodoo Brewery
Mathias Myner,Lamplighter Family Sports Bar Grill
Mathias Myner,Flat Earth Brewery
Hendrick Chelsom,Capitol City Brewing Company
Toby Verbrugghen,Taste of Europe
Knox Meininger,Capitol City Brewing Company
Aube Seager,Coppertank Brewery
Aube Seager,Bottom of The Hill
Aube Seager,Four Corners Brewing Co
Gilemette Riolfi,Caboose Brewing Company
Michael Wilman,Circle Bar
Michael Wilman,Black Market Brewing Co
Michael Wilman,Central Coast Brewing
Nettle Weald,Coopers Landing
Nettle Weald,Crickett Tavern
Nettle Weald,Scuttlebutt Tavern
Nettle Weald,Rough Kutts
Nettle Weald,Cooper's Tavern
Nettle Weald,Southampton Publick House
Nettle Weald,Scoreboard Saloon The
Nettle Weald,Snidely's
Nettle Weald,Chic Lounge
Nettle Weald,Costanzo's Lounge Restaurant
Balduin Crimmins,Daiqui-ritas Bar and Lounge
Balduin Crimmins,Coppertank Brewery
Balduin Crimmins,Four Corners Brewing Co
Balduin Crimmins,Brewery Tap
Balduin Crimmins,El Maton National Hall Tavern
Donni Lightwing,Big Rip Brewing Company
Donni Lightwing,Earthbound Brewing
Tami Frango,Daiqui-ritas Bar and Lounge
Tami Frango,Coppertank Brewery
Tami Frango,Brew House
Tami Frango,Brewery Tap
Lorne Swinden,Mcguire's Irish Pub Brewery
Lorne Swinden,Miller's Pembroke Pines Ale House
Cordula Ruvel,Lances Pub
Cybill Benwell,Kona Brewing Co & Brew Pub
Ryan Boxhall,Blackrock Brewers
Ryan Boxhall,Barley Brothers Brewery
Dru Franzoli,Twain's Billiards and Tap
Dru Franzoli,Gordon Biersch Brewery Restaurant
Dru Franzoli,John Harvard's Brew House
Mel Mulberry,Miller's Pembroke Pines Ale House
Taber Canizares,Compa
Taber Canizares,Corner Pocket Tavern
Taber Canizares,Bulldog Brewing Company
Taber Canizares,Duffys Too Inc
Ettie Pomery,Blue Palms Brewhouse
Ettie Pomery,Brassfield Estate Winery
Ettie Pomery,Circle Bar
Ettie Pomery,Black Market Brewing Co
Emeline Lux,Miller's Jacksonville Ale House
Emeline Lux,Marsha's Tavern
Emeline Lux,Miller's Pembroke Pines Ale House
Christen Wesker,The Blind Tiger Brewery
Christen Wesker,River City Brewery
Christen Wesker,Little Apple Brewing Co
Cheri McGerr,Germantown Grille
Cheri McGerr,City Limits Saloon & Grill
Cheri McGerr,Dry Hop Brewers
Cheri McGerr,Copper Dragon Brewing Co
Cheri McGerr,Emmett's Tavern & Brewing Co
Cheri McGerr,Destihl Restaurant & Brew Works
Cheri McGerr,Brickstone Brewery
Blair Galbreath,Big Rip Brewing Company
Blair Galbreath,Chouteau Inn
Blair Galbreath,Bickering Tree Lounge
Lazar Skinn,Avenue Pub
Gibb Chafer,Blue Palms Brewhouse
Gibb Chafer,Cismontane Brewing
Gibb Chafer,Circle Bar
Gibb Chafer,Black Market Brewing Co
Gibb Chafer,Central Coast Brewing
Tomkin Kop,Brassfield Estate Winery
Tomkin Kop,Black Market Brewing Co
Tomkin Kop,Central Coast Brewing
Jilly Sartain,Wilson Richard
Jilly Sartain,Blue Marble The
Jilly Sartain,Christy's Tavern
Dionisio Bradford,Black Market Brewing Co
Winifield Dabbs,Blue Palms Brewhouse
Winifield Dabbs,Brassfield Estate Winery
Winifield Dabbs,Black Market Brewing Co
Winifield Dabbs,Central Coast Brewing
Cob Hustler,Aj's Bar & Grill
Cob Hustler,Bob's Tavern 19th Hole
Cob Hustler,Fat Cat Bar
Holt Mucillo,The Office Beer Bar & Grill
Holt Mucillo,B B Cafe
Merrile Effnert,Capitol City Brewing Company
Merrili Duffie,Bottom of The Hill
Merrili Duffie,Four Corners Brewing Co
Merrili Duffie,El Maton National Hall Tavern
Inglis Prevett,Blue Palms Brewhouse
Inglis Prevett,Brassfield Estate Winery
Inglis Prevett,Central Coast Brewing
Lilia Sterman,Daiqui-ritas Bar and Lounge
Lilia Sterman,Bottom of The Hill
Lilia Sterman,Brew House
Lilia Sterman,Brewery Tap
Shelley Ryding,City Club Inn
Shelley Ryding,Club 51
Raff Tompkiss,Lamplighter Family Sports Bar Grill
Raff Tompkiss,Old Town Tavern
Helenka Kestell,B Bg's
Gareth Wrighton,Black Market Brewing Co
Irwin Hustings,Brassfield Estate Winery
Marin Huggan,Boulder Beer Tap House
Marin Huggan,Blue Moon Brewery At The Sandlot
Nettle Hartness,Germantown Grille
Nettle Hartness,City Limits Saloon & Grill
Nettle Hartness,East Side Inc
Nettle Hartness,Copper Dragon Brewing Co
Nettle Hartness,Destihl Restaurant & Brew Works
Anissa Baldry,Taps & Apps
Anissa Baldry,Maui Brewing Co. Brewpub
Marijo Vial,Bake Bottle & Brew
Fonsie Eddis,Boulder Beer Tap House
Pris Hatchett,Miller's Jacksonville Ale House
Pris Hatchett,Mcguire's Irish Pub Brewery
Pris Hatchett,Miller's Pembroke Pines Ale House
Sigrid Ojeda,Daiqui-ritas Bar and Lounge
Sigrid Ojeda,Four Corners Brewing Co
Sigrid Ojeda,Brew House
Sigrid Ojeda,Brewery Tap
Felisha Knuckles,Bottom of The Hill
Felisha Knuckles,Brew House
Felisha Knuckles,Brewery Tap
Kally Matcham,Bowling's
Kally Matcham,Bake Bottle & Brew
Lanae Broadbury,Cismontane Brewing
Lanae Broadbury,Brassfield Estate Winery
Lanae Broadbury,Circle Bar
Lanae Broadbury,Black Market Brewing Co
Clevie Snow,Brew House
Clevie Snow,Brewery Tap
Orelle Fackney,B B Cafe
Julio Sellek,Miller's Pembroke Pines Ale House
Ashton Koopman,Tavern The
Norby Brose,Blue Palms Brewhouse
Norby Brose,Cismontane Brewing
Norby Brose,Circle Bar
Norby Brose,Black Market Brewing Co
Arturo Attack,Strawn Brewing Company
Lora Daudray,Cismontane Brewing
Lora Daudray,Brassfield Estate Winery
Lora Daudray,Black Market Brewing Co
Archy Fosbraey,Daiqui-ritas Bar and Lounge
Archy Fosbraey,Bottom of The Hill
Archy Fosbraey,Four Corners Brewing Co
Archy Fosbraey,Brew House
Nappy Cheston,Grumpy's
Francklyn Dielhenn,Blackrock Brewers
Shalom Burch,Lances Pub
Minta Canizares,Bowling's
Minta Canizares,C B S Distributing Inc
Dmitri Harbison,Crickett Tavern
Dmitri Harbison,Scuttlebutt Tavern
Dmitri Harbison,Scoreboard Saloon The
Dmitri Harbison,Casa Montego Inc
Berenice Kinnard,Blue Palms Brewhouse
Berenice Kinnard,Brassfield Estate Winery
Brooke Males,Miller's Jacksonville Ale House
Brooke Males,Marsha's Tavern
Tania Di Ruggiero,Avenue Pub
Tania Di Ruggiero,B Bg's
Cahra Brody,Daiqui-ritas Bar and Lounge
Cahra Brody,Coppertank Brewery
Cahra Brody,Brewery Tap
Cahra Brody,El Maton National Hall Tavern
Man Borris,Blue Palms Brewhouse
Man Borris,Cismontane Brewing
Man Borris,Black Market Brewing Co
Eberto Favelle,Bottom of The Hill
Eberto Favelle,Four Corners Brewing Co
Eberto Favelle,Brew House
Catlaina Nurden,Mcguire's Irish Pub Brewery
Catlaina Nurden,Marsha's Tavern
Catlaina Nurden,Miller's Pembroke Pines Ale House
Alwyn Lahy,Squatter's Pub Brewery
Delcina Crighton,Boar's Head Grill & Tavern
Delcina Crighton,Strawn Brewing Company
Delcina Crighton,Twain's Billiards and Tap
Delcina Crighton,John Harvard's Brew House
Bliss Selbie,Silver Dollar 2.0
Bliss Selbie,Growler Haus
Frederique Gianelli,Avenue Pub
Algernon Cowitz,Aj's Bar & Grill
Algernon Cowitz,Duffys Too Inc
Algernon Cowitz,Fat Cat Bar
Lena Olivia,B Bg's
Durante Devany,Daiqui-ritas Bar and Lounge
Durante Devany,Bottom of The Hill
Durante Devany,Four Corners Brewing Co
Durante Devany,Brew House
Durante Devany,El Maton National Hall Tavern
Kassia Juggins,Miller's Jacksonville Ale House
Kassia Juggins,Miller's Pembroke Pines Ale House
Giselbert Cecely,Lamplighter Family Sports Bar Grill
Giselbert Cecely,Flat Earth Brewery
Giselbert Cecely,Old Town Tavern
Aldridge Castagnaro,Avenue Pub
Wilfred Imlen,Dan Mcguinness Irish Pub
Fifi McConville,Bowling's
Aldo Wix,Bottom of The Hill
Sianna Drover,Chucks Lounge
Sianna Drover,Big Heads Tavern
Revkah Lutas,Strawn Brewing Company
Revkah Lutas,Twain's Billiards and Tap
Revkah Lutas,Little 5 Points Corner Tavern
Revkah Lutas,Gordon Biersch Brewery Restaurant
Revkah Lutas,John Harvard's Brew House
Noby McKennan,Blue Palms Brewhouse
Noby McKennan,Circle Bar
Noby McKennan,Black Market Brewing Co
Noby McKennan,Central Coast Brewing
Ethan Redmire,City Club Inn
Ethan Redmire,Carole's
Ethan Redmire,Club 51
Ethan Redmire,Beechwood Lounge
Ethan Redmire,Bent-rim The
Alf Linscott,Miller's Jacksonville Ale House
Alf Linscott,Marsha's Tavern
Alf Linscott,Miller's Pembroke Pines Ale House
Martica Trebble,Rudys Beachside Bar
Martica Trebble,Growler Haus
Sibley Surgison,Big Rip Brewing Company
Sibley Surgison,Chouteau Inn
Pamela Davy,Coppertank Brewery
Pamela Davy,Bottom of The Hill
Pamela Davy,El Maton National Hall Tavern
Gaultiero Oak,Martha's Tavern On Tenth
Flo Dinzey,Steel Toe Brewing
Flo Dinzey,Flat Earth Brewery
Flo Dinzey,Old Town Tavern
Carlen O'Noland,Blue Palms Brewhouse
Carlen O'Noland,Circle Bar
Carlen O'Noland,Black Market Brewing Co
Kipp Hunt,Brick Tavern The
Kipp Hunt,Christy's Tavern
Guglielmo Toquet,Willingers Beer Depot
Guglielmo Toquet,More Shenanigans
Eb Bilsford,Roosters Brewing Co
Alleen Goulstone,Steel Toe Brewing
Alleen Goulstone,Lamplighter Family Sports Bar Grill
Alleen Goulstone,Flat Earth Brewery
Leanna Beernt,Blackrock Brewers
Kermie Diche,Lances Pub
Norma Van Niekerk,The Blind Tiger Brewery
Norma Van Niekerk,Little Apple Brewing Co
Lynette Flexman,Miller's Jacksonville Ale House
Fidelity Worden,Avenue Pub
Doreen Targetter,Checkered Flag Sports Bar
Doreen Targetter,Christy's Tavern
Doreen Targetter,West Street Pub
Doreen Targetter,Vega's Lounge
Doreen Targetter,Voodoo Brewery
Gabriell Clougher,Willingers Beer Depot
Gabriell Clougher,More Shenanigans
Yardley Saladin,Miller's Jacksonville Ale House
Yardley Saladin,Marsha's Tavern
Yardley Saladin,Miller's Pembroke Pines Ale House
Chrissie Ciccone,Daiqui-ritas Bar and Lounge
Chrissie Ciccone,Coppertank Brewery
Chrissie Ciccone,Four Corners Brewing Co
Chrissie Ciccone,El Maton National Hall Tavern
Alisun Pinock,King Brewing Co
Alisun Pinock,Key Largo Lounge Inc
Lib Lucock,Germantown Grille
Lib Lucock,City Limits Saloon & Grill
Lib Lucock,Dry Hop Brewers
Lib Lucock,East Side Inc
Lib Lucock,Emmett's Tavern & Brewing Co
Lib Lucock,Emporium The
Lib Lucock,Brickstone Brewery
Alexandra Vasechkin,Key Largo Lounge Inc
Alexandra Vasechkin,Jolly Pumpkin Cafe & Brewery
Alexandra Vasechkin,Jailhouse Bar
Sallie Murrison,C B S Distributing Inc
Sallie Murrison,Bake Bottle & Brew
Shoshana Critchell,Boar's Head Grill & Tavern
Shoshana Critchell,Strawn Brewing Company
Shoshana Critchell,Twain's Billiards and Tap
Shoshana Critchell,Little 5 Points Corner Tavern
Shoshana Critchell,Gordon Biersch Brewery Restaurant
